# Light-Scan Framework - Network Security Scanning Framework
# Copyright (C) 2026 Adam Boulaaz
#
# This program is free software; you can redistribute it and/or modify
# it under the terms of the GNU General Public License as published by
# the Free Software Foundation; either version 2 of the License, or
# (at your option) any later version.
#
# This program is distributed in the hope that it will be useful,
# but WITHOUT ANY WARRANTY; without even the implied warranty of
# MERCHANTABILITY or FITNESS FOR A PARTICULAR PURPOSE.  See the
# GNU General Public License for more details.
#
# You should have received a copy of the GNU General Public License along
# with this program; if not, write to the Free Software Foundation, Inc.,
# 51 Franklin Street, Fifth Floor, Boston, MA 02110-1301 USA.

from .sprobes.http import HTTP_PROBES
from .sprobes.ssh import SSH_PROBES

PROBES = {
    80: lambda target, proto: (
        HTTP_PROBES[1](target)
    ),
    443: lambda target, proto: (
        HTTP_PROBES[1](target)
    ),
    21: lambda target, proto: b"USER anonymous\r\n",
    22: lambda target, proto: (
        SSH_PROBES[1]()
    ),
    25: lambda target, proto: f"EHLO {target}\r\n".encode(),
    53: lambda target, proto: (
        b'\x124\x01\x00\x00\x01\x00\x00\x00\x00\x00\x00\x07version\x04bind\x00\x00\x10\x00\x03'
        if proto == "udp" else
        b"\x00\x1a\x12\x34\x01\x00\x00\x01\x00\x00\x00\x00\x00\x00\x07version\x04bind\x00\x00\x10\x00\x01"
    ),
    110: lambda target, proto: b"CAPA\r\n",
    135: lambda target, proto: bytes.fromhex(
        "05000b03100000004800000001000000b810b810000001a000000000c000000000000046"
        "0000000001000000000000000100000001000000000000000000000000000000000000"
        "0000000000000000000000000000000000000000000000000000000000000000000000"
    ),
    139: lambda target, proto: bytes.fromhex(
        "00000054ff534d4272000000001801c00000000000000000000000000000ffff000000"
        "0000000000000000000000000000000000000000000000000041000041002600000002"
        "004e544c4d5353500001000000050208a200000000000000000000000000000000"
    ),
    143: lambda target, proto: b"a001 CAPABILITY\r\n",
    161: lambda target, proto: bytes.fromhex(
        "302602010104067075626c6963a019020101020100020100300e300c06082b060102010101000500"
    ),
    389: lambda target, proto: bytes.fromhex("300c020101600702010304008000"),
    465: lambda target, proto: b"EHLO localhost\r\n",
    502: lambda target, proto: bytes.fromhex("000000000006010300000001"),
    587: lambda target, proto: f"EHLO {target}\r\n".encode(),
    636: lambda target, proto: b"a001 CAPABILITY\r\n",
    993: lambda target, proto: b"a001 CAPABILITY\r\n",
    995: lambda target, proto: b"USER test\r\n",
    1433: lambda target, proto: bytes.fromhex(
        "120100340000000000000015000601001b000102001c000c0300280004ff0800015500"
        "00004d5353514c53657276657200000000"
    ),
    3306: lambda target, proto: b"\x0a",
    3389: lambda target, proto: bytes.fromhex("030000130ee000000000000100080003000000"),
    5432: lambda target, proto: b"\x00\x00\x00\x08\x04\xd2\x16\x2f",
    5900: lambda target, proto: b"RFB 003.003\n",
    6379: lambda target, proto: b"INFO\r\n",
    27017: lambda target, proto: bytes.fromhex(
        "3a0000000100000000000000d40700000000000061646d696e2e24636d6400000000010000000869736d61737465720000"
    ),
    8080: lambda target, proto: f"GET / HTTP/1.1\r\nHost: {target}\r\n\r\n".encode(),
    8443: lambda target, proto: f"GET / HTTP/1.1\r\nHost: {target}\r\n\r\n".encode(),
    9200: lambda target, proto: b"GET / HTTP/1.1\r\nHost: localhost\r\n\r\n",
    11211: lambda target, proto: b"stats\r\n",
    5672: lambda target, proto: b"AMQP\x00\x00\x09\x01",
    9042: lambda target, proto: b"\x04\x00\x00\x00\x01",
    2375: lambda target, proto: b"GET /version HTTP/1.1\r\nHost: localhost\r\n\r\n",
    6443: lambda target, proto: b"GET /api HTTP/1.1\r\nHost: localhost\r\n\r\n",
    9092: lambda target, proto: b"\x00\x00\x00\x00\x00",
    9100: lambda target, proto: b"GET /metrics HTTP/1.1\r\nHost: localhost\r\n\r\n",
    27018: lambda target, proto: bytes.fromhex(
        "3a0000000100000000000000d40700000000000061646d696e2e24636d6400000000010000000869736d61737465720000"
    ),
    28017: lambda target, proto: b"GET / HTTP/1.1\r\nHost: localhost\r\n\r\n",
    3260: lambda target, proto: b"\x00" * 32,
    3690: lambda target, proto: b"( success ( 2 2 ( ) ) )\r\n",
    4369: lambda target, proto: b"\x00\x01\x6e\x00\x0b\x00\x0b\x00\x00\x05\x00",
    5353: lambda target, proto: bytes.fromhex(
        "0000010000010000000000000f5f676f6f676c65636173740c5f746370076c6f63616c00000c0001"
    ),
    5500: lambda target, proto: b"RFB 003.003\n",
    5601: lambda target, proto: b"GET /api/status HTTP/1.1\r\nHost: localhost\r\n\r\n",
    5985: lambda target, proto: b"POST /wsman HTTP/1.1\r\nHost: localhost\r\nContent-Type: application/soap+xml;charset=UTF-8\r\n\r\n",
    6378: lambda target, proto: b"INFO\r\n",
    6667: lambda target, proto: b"USER test test test :test\r\nNICK test\r\n",
    6881: lambda target, proto: b"\x13BitTorrent protocol\x00\x00\x00\x00\x00\x00\x00\x00",
    7648: lambda target, proto: b"GET / HTTP/1.1\r\nHost: localhost\r\n\r\n",
    8009: lambda target, proto: b"\x12\x34",
    8010: lambda target, proto: b"GET / HTTP/1.1\r\nHost: localhost\r\n\r\n",
    8069: lambda target, proto: b"GET /web HTTP/1.1\r\nHost: localhost\r\n\r\n",
    8200: lambda target, proto: b"GET /v1/sys/health HTTP/1.1\r\nHost: localhost\r\nX-Vault-Token: test\r\n\r\n",
    8333: lambda target, proto: bytes.fromhex("f9beb4d976657273696f6e0000000000650000005d1c769d"),
    8444: lambda target, proto: b"GET / HTTP/1.1\r\nHost: localhost\r\n\r\n",
    8880: lambda target, proto: b"GET / HTTP/1.1\r\nHost: localhost\r\n\r\n",
    9001: lambda target, proto: b"GET / HTTP/1.1\r\nHost: localhost\r\n\r\n",
    9044: lambda target, proto: b"\x04\x00\x00\x00\x01",
    9202: lambda target, proto: b"GET / HTTP/1.1\r\nHost: localhost\r\n\r\n",
    9301: lambda target, proto: b"\x5d\x00\x00\x00\x00\x00\x00\x00\x00\x00\x00\x00\x00\x00\x00\x00",
    9419: lambda target, proto: b"git-upload-pack /\r\n",
    9990: lambda target, proto: b"GET /console HTTP/1.1\r\nHost: localhost\r\n\r\n",
    10001: lambda target, proto: b"GET / HTTP/1.1\r\nHost: localhost\r\n\r\n",
    11215: lambda target, proto: b"stats\r\n",
    15674: lambda target, proto: b"GET / HTTP/1.1\r\nHost: localhost\r\n\r\n",
    16379: lambda target, proto: b"PING\r\n",
    27019: lambda target, proto: bytes.fromhex(
        "3a0000000100000000000000d40700000000000061646d696e2e24636d6400000000010000000869736d61737465720000"
    ),
    28018: lambda target, proto: b"GET / HTTP/1.1\r\nHost: localhost\r\n\r\n",
    50000: lambda target, proto: bytes.fromhex("030000000001000002000000"),
    50070: lambda target, proto: b"GET /jmx HTTP/1.1\r\nHost: localhost\r\n\r\n",
    50075: lambda target, proto: b"GET /jmx HTTP/1.1\r\nHost: localhost\r\n\r\n",
    60000: lambda target, proto: b"GET /services/search/jobs HTTP/1.1\r\nHost: localhost\r\nAuthorization: Basic YWRtaW46Y2hhbmdlbWU=\r\n\r\n",
    123: lambda target, proto: b"\x17\x00\x03\x2a\x00\x00\x00\x00",
    5060: lambda target, proto: f"OPTIONS sip:{target} SIP/2.0\r\n\r\n".encode(),
    5061: lambda target, proto: f"OPTIONS sip:{target} SIP/2.0\r\n\r\n".encode(),
    2003: lambda target, proto: b"test.metric 123 1234567890\n",
    8086: lambda target, proto: b"GET /ping HTTP/1.1\r\nHost: localhost\r\n\r\n",
    2181: lambda target, proto: b"stat\n",
    8500: lambda target, proto: b"GET /v1/agent/self HTTP/1.1\r\nHost: localhost\r\n\r\n",
    2379: lambda target, proto: b"GET /version HTTP/1.1\r\nHost: localhost\r\n\r\n",
    2380: lambda target, proto: b"GET /version HTTP/1.1\r\nHost: localhost\r\n\r\n",
    111: lambda target, proto: bytes.fromhex(
        "000000000000000200000186a00000000200000003000000000000000000000000"
    ),
    137: lambda target, proto: bytes.fromhex(
        "00001000010000000000000020454341434341434341434341434341434341434143"
        "43414343414343414343414343414343414343414343410000210001"
    ),
    138: lambda target, proto: bytes.fromhex(
        "00001000010000000000000020454341434341434341434341434341434341434143"
        "43414343414343414343414343414343414343414343410000210001"
    ),
    514: lambda target, proto: b"<14>1 2023-01-01T00:00:00Z localhost test - - - Test message\n",
    1883: lambda target, proto: bytes.fromhex(
        "102600044d5154540402003c00136c6f63616c686f73740006636c69656e74"
    ),
    5683: lambda target, proto: bytes.fromhex("400000396c6f63616c686f73742f74657374"),
    47808: lambda target, proto: bytes.fromhex("810a001901200fffff0c0c"),
    2404: lambda target, proto: bytes.fromhex("68040b000000"),
    20000: lambda target, proto: bytes.fromhex("056405c0000164"),
    102: lambda target, proto: bytes.fromhex("030008c1020100c0010a"),
    34964: lambda target, proto: bytes.fromhex(
        "fefd0400000000000000000000000000000000000000000000000000000000000000"
        "000000000000000000000000000000000000000000000000000000"
    ),
    44818: lambda target, proto: bytes.fromhex("63000000000000000000000000000000000000000000"),
    4840: lambda target, proto: bytes.fromhex(
        "48454c460000000001000000010000009c0000000000000000000000000000000000"
        "0000000000000000000000000000000000000000000000000000"
    ),
    843: lambda target, proto: b"<policy-file-request/>\x00",
    6666: lambda target, proto: b"\x00",
    666: lambda target, proto: b"\x00",
    2030: lambda target, proto: b"\x00",
    1560: lambda target, proto: b"\x00\x00\x00\x00",
    1561: lambda target, proto: b"\x00\x00\x00\x00",
    1562: lambda target, proto: b"\x00\x00\x00\x00",
    1563: lambda target, proto: b"\x00\x00\x00\x00",
    5090: lambda target, proto: b"\x04\x00\xfb\xffLAPK",
    19812: lambda target, proto: b"\x00\x00\x00\x48\x00\x00\x00\x02",
    19813: lambda target, proto: b"\x00\x00\x00\x48\x00\x00\x00\x02",
    19814: lambda target, proto: b"\x00\x00\x00\x48\x00\x00\x00\x02",
    67: lambda target, proto: bytes.fromhex(
        "01010600aaaaaaaa00000000000000000000000000000000000000000000000000"
        "00000000000000000000000000000000000000000000006382536335013d0701aa"
        "aaaaaaaa0000000000000000000000000000000000000000000000000000000000"
    ),
    68: lambda target, proto: bytes.fromhex(
        "01010600aaaaaaaa00000000000000000000000000000000000000000000000000"
        "00000000000000000000000000000000000000000000006382536335013d0701aa"
        "aaaaaaaa0000000000000000000000000000000000000000000000000000000000"
    ),
    10080: lambda target, proto: b"STATUS\r\n",
    2000: lambda target, proto: b"AMServer",
    1344: lambda target, proto: b"GET / HTTP/1.0\r\n\r\n",
    5580: lambda target, proto: b"Set(icons,M,6,forward,7,prev,8,stop,9,next,*,question,0,pause,#,no);Set(font,small);Set(menu,replace,Playlist,Toggle Shuffle,Toggle Repeat);",
    5000: lambda target, proto: b'<aafMessage><aafInitRequest></aafInitRequest></aafMessage>',
    6000: lambda target, proto: b"\x01\xff\x00\xff\x01\x1d\x00\xfd\x00\x0a\x03\x05",
    7000: lambda target, proto: b"\x00\x01\x00\x08\x00\x00\x00\x00\x00\x00\x00\x00\x00\x00\x00\x00\x00\x00\x00\x00\x00\x00\x00\x01\x00\x00\x00\x02",
    8000: lambda target, proto: b"WhatsUP? 1234567890\r\n",
    5001: lambda target, proto: b"GET /v2/_catalog HTTP/1.1\r\nHost: localhost\r\n\r\n",
    5984: lambda target, proto: b"GET / HTTP/1.1\r\nHost: localhost\r\n\r\n",
    5986: lambda target, proto: bytes.fromhex(
        "0300000002010000000000000000000000000000000000000000000000000000"
        "0000000000000000000000000000000000000000000000000000000000000000"
    ),
    7001: lambda target, proto: b"\x04\x00\x00\x00\x0a",
    7199: lambda target, proto: b"GET / HTTP/1.1\r\nHost: localhost\r\n\r\n",
    9043: lambda target, proto: b"GET /ibm/console/logon.jsp HTTP/1.1\r\nHost: localhost\r\n\r\n",
    61616: lambda target, proto: bytes.fromhex("0000004f01010000000000000000436f6e6e656374000000000000000100"),
    8161: lambda target, proto: b"GET /admin/ HTTP/1.1\r\nHost: localhost\r\n\r\n",
    9000: lambda target, proto: b"GET / HTTP/1.1\r\nHost: localhost\r\n\r\n",
    9093: lambda target, proto: b"GET /topics HTTP/1.1\r\nHost: localhost\r\n\r\n",
    9418: lambda target, proto: b"git-upload-pack /\r\n",
    9999: lambda target, proto: b"GET / HTTP/1.1\r\nHost: localhost\r\n\r\n",
    10000: lambda target, proto: b"GET /session_login.cgi HTTP/1.1\r\nHost: localhost\r\n\r\n",
    10050: lambda target, proto: b"agent.version\n",
    10051: lambda target, proto: b"ZBXD\x01\x00\x00\x00\x00\x00\x00\x00\x00\x00\x00\x00",
    11214: lambda target, proto: b"stats\r\n",
    15672: lambda target, proto: b"GET /api/overview HTTP/1.1\r\nHost: localhost\r\nAuthorization: Basic YWRtaW46YWRtaW4=\r\n\r\n",
    162: lambda target, proto: bytes.fromhex(
        "302602010104067075626c6963a4190201010201000201003010300e060a2b06010201"
        "020102010101004300"
    ),
    51413: lambda target, proto: b"\x00\x00\x00\x00\x00\x00\x00\x00\x00\x00\x00\x00",
    5433: lambda target, proto: b"\x00\x00\x00\x08\x04\xd2\x16\x2f",
    5901: lambda target, proto: b"RFB 003.003\n",
    9090: lambda target, proto: b"GET /metrics HTTP/1.1\r\nHost: localhost\r\n\r\n",
    2376: lambda target, proto: b"GET /version HTTP/1.1\r\nHost: localhost\r\n\r\n",
    79: lambda target, proto: b"\r\n",
    512: lambda target, proto: b"\x00",
    513: lambda target, proto: b"\x00root\x00root\x00vt100/9600\x00",
    623: lambda target, proto: bytes.fromhex(
        "0600ff07000000000000000000"
    ),
    1080: lambda target, proto: b"\x05\x01\x00",
    1099: lambda target, proto: b"JRMI\x00\x02K",
    1521: lambda target, proto: bytes.fromhex(
        "0057000001000000010036010000030000ffff7f080000010001003a0000"
        "3a00000200000000000000434f4e4e454354"
    ) + b"_DATA=(CONNECT_DATA=(COMMAND=version))",
    1720: lambda target, proto: bytes.fromhex(
        "0300001708020100050403001100000000000000000000000000"
    ),
    2049: lambda target, proto: b"\x00" * 4,
    3128: lambda target, proto: f"GET / HTTP/1.0\r\n\r\n".encode(),
    631: lambda target, proto: bytes.fromhex(
        "01010b0001010000000000010047617474722d6368617273657400"
    ),
    990: lambda target, proto: b"\r\n",
    992: lambda target, proto: b"\r\n",
    3283: lambda target, proto: b"\x00",
    5357: lambda target, proto: b"GET / HTTP/1.1\r\nHost: localhost\r\n\r\n",
    7070: lambda target, proto: f"OPTIONS rtsp://{target}/ RTSP/1.0\r\n\r\n".encode(),
    554: lambda target, proto: f"OPTIONS rtsp://{target}/ RTSP/1.0\r\n\r\n".encode(),
    8081: lambda target, proto: b"GET / HTTP/1.1\r\nHost: localhost\r\n\r\n",
    8082: lambda target, proto: b"GET / HTTP/1.1\r\nHost: localhost\r\n\r\n",
    9091: lambda target, proto: b"GET /transmission/rpc HTTP/1.1\r\nHost: localhost\r\n\r\n",
    8291: lambda target, proto: b"\x00",
    9411: lambda target, proto: b"GET /api/v2/services HTTP/1.1\r\nHost: localhost\r\n\r\n",
    27015: lambda target, proto: b"\xff\xff\xff\xffTSource Engine Query\x00",
    1: lambda target, proto: b'GET / HTTP/1.0\r\n\r\n',
    7: lambda target, proto: b'HELP\r\n',
    13: lambda target, proto: b'help\r\n\r\n',
    17: lambda target, proto: b'r\xfe\x1d\x13\x00\x00\x00\x00\x00\x00\x00\x02\x00\x01\x86\xa0\x00\x01\x97|\x00\x00\x00\x00\x00\x00\x00\x00\x00\x00\x00\x00\x00\x00\x00\x00\x00\x00\x00\x00',
    23: lambda target, proto: b'\xff\xfb\x18\xff\xfa\x18\x00IBM-3279-4-E\xff\xf0\xff\xfb\x19\xff\xfd\x19\xff\xfb\x00\xff\xfd\x00',
    35: lambda target, proto: b'\r\n\r\n',
    37: lambda target, proto: b'help\r\n\r\n',
    42: lambda target, proto: b'\x00\x00\x00\xa4\xffSMBr\x00\x00\x00\x00\x08\x01@\x00\x00\x00\x00\x00\x00\x00\x00\x00\x00\x00\x00\x00\x00@\x06\x00\x00\x01\x00\x00\x81\x00\x02PC NETWORK PROGRAM 1.0\x00\x02MICROSOFT NETWORKS 1.03\x00\x02MICROSOFT NETWORKS 3.0\x00\x02LANMAN1.0\x00\x02LM1.2X002\x00\x02Samba\x00\x02NT LANMAN 1.0\x00\x02NT LM 0.12\x00',
    43: lambda target, proto: b'\r\n\r\n',
    69: lambda target, proto: b'\x00\x00\x10\x00\x00\x00\x00\x00\x00\x00\x00\x00',
    70: lambda target, proto: b'GET / HTTP/1.0\r\n\r\n',
    81: lambda target, proto: b'\x80\x00\x00(r\xfe\x1d\x13\x00\x00\x00\x00\x00\x00\x00\x02\x00\x01\x86\xa0\x00\x01\x97|\x00\x00\x00\x00\x00\x00\x00\x00\x00\x00\x00\x00\x00\x00\x00\x00\x00\x00\x00\x00',
    82: lambda target, proto: b'GET /nice%20ports%2C/Tri%6Eity.txt%2ebak HTTP/1.0\r\n\r\n',
    83: lambda target, proto: b'GET /nice%20ports%2C/Tri%6Eity.txt%2ebak HTTP/1.0\r\n\r\n',
    84: lambda target, proto: b'GET /nice%20ports%2C/Tri%6Eity.txt%2ebak HTTP/1.0\r\n\r\n',
    85: lambda target, proto: b'GET /nice%20ports%2C/Tri%6Eity.txt%2ebak HTTP/1.0\r\n\r\n',
    88: lambda target, proto: b'\x00\x00\x00qj\x81n0\x81k\xa1\x03\x02\x01\x05\xa2\x03\x02\x01\n\xa4\x81^0\\\xa0\x07\x03\x05\x00P\x80\x00\x10\xa2\x04\x1b\x02NM\xa3\x170\x15\xa0\x03\x02\x01\x00\xa1\x0e0\x0c\x1b\x06krbtgt\x1b\x02NM\xa5\x11\x18\x0f19700101000000Z\xa7\x06\x02\x04\x1f\x1e\xb9\xd9\xa8\x170\x15\x02\x01\x12\x02\x01\x11\x02\x01\x10\x02\x01\x17\x02\x01\x01\x02\x01\x03\x02\x01\x02',
    98: lambda target, proto: b'\r\n\r\n',
    113: lambda target, proto: b'\r\n\r\n',
    119: lambda target, proto: b'\r\n\r\n',
    130: lambda target, proto: b':\x00\x00\x00/\x00\x00\x00\x02\x00\x00@\x02\x0f\x00\x01\x00=\x05\x00\x00\x00\x00\x00\x00\x00\x00\x00\x00\x00\x00/\x00\x00\x00\x00\x00\x00\x00\x00\x00@\x1f\x00\x00\x00\x00\x00\x00\x00\x00\x00\x00\x00\x00\x00\x00\x00\x00\x00',
    175: lambda target, proto: b'\xd6\xd7\xc5\xd5@@@@\xc6\xc1\xd2\xc5@@@@\x00\x00\x00\x00\xc6\xc1\xd2\xc5@@@@\x00\x00\x00\x00\x00',
    177: lambda target, proto: b'\x00\x01\x00\x02\x00\x01\x00',
    199: lambda target, proto: b'\x80\x00\x00(r\xfe\x1d\x13\x00\x00\x00\x00\x00\x00\x00\x02\x00\x01\x86\xa0\x00\x01\x97|\x00\x00\x00\x00\x00\x00\x00\x00\x00\x00\x00\x00\x00\x00\x00\x00\x00\x00\x00\x00',
    214: lambda target, proto: b'\r\n\r\n',
    256: lambda target, proto: b'0\x84\x00\x00\x00-\x02\x01\x07c\x84\x00\x00\x00$\x04\x00\n\x01\x00\n\x01\x00\x02\x01\x00\x02\x01d\x01\x01\x00\x87\x0bobjectClass0\x84\x00\x00\x00\x00',
    257: lambda target, proto: b'0\x84\x00\x00\x00-\x02\x01\x07c\x84\x00\x00\x00$\x04\x00\n\x01\x00\n\x01\x00\x02\x01\x00\x02\x01d\x01\x01\x00\x87\x0bobjectClass0\x84\x00\x00\x00\x00',
    260: lambda target, proto: b'0\x82\x00/\x02\x01\x00\x04\x06public\xa0\x82\x00 \x02\x04L3\xa7V\x02\x01\x00\x02\x01\x000\x82\x00\x100\x82\x00\x0c\x06\x08+\x06\x01\x02\x01\x01\x05\x00\x05\x00',
    261: lambda target, proto: b'\x16\x03\x00\x00S\x01\x00\x00O\x03\x00?G\xd7\xf7\xba,\xee\xea\xb2`~\xf3\x00\xfd\x82{\xb9\xd5\x96\xc8w\x9b\xe6\xc4\xdb<=\xdbo\xef\x10n\x00\x00(\x00\x16\x00\x13\x00\n\x00f\x00\x05\x00\x04\x00e\x00d\x00c\x00b\x00a\x00`\x00\x15\x00\x12\x00\t\x00\x14\x00\x11\x00\x08\x00\x06\x00\x03\x01\x00',
    264: lambda target, proto: b'\r\n\r\n',
    271: lambda target, proto: b'\x16\x03\x00\x00S\x01\x00\x00O\x03\x00?G\xd7\xf7\xba,\xee\xea\xb2`~\xf3\x00\xfd\x82{\xb9\xd5\x96\xc8w\x9b\xe6\xc4\xdb<=\xdbo\xef\x10n\x00\x00(\x00\x16\x00\x13\x00\n\x00f\x00\x05\x00\x04\x00e\x00d\x00c\x00b\x00a\x00`\x00\x15\x00\x12\x00\t\x00\x14\x00\x11\x00\x08\x00\x06\x00\x03\x01\x00',
    280: lambda target, proto: b'GET / HTTP/1.0\r\n\r\n',
    322: lambda target, proto: b'\x16\x03\x00\x00S\x01\x00\x00O\x03\x00?G\xd7\xf7\xba,\xee\xea\xb2`~\xf3\x00\xfd\x82{\xb9\xd5\x96\xc8w\x9b\xe6\xc4\xdb<=\xdbo\xef\x10n\x00\x00(\x00\x16\x00\x13\x00\n\x00f\x00\x05\x00\x04\x00e\x00d\x00c\x00b\x00a\x00`\x00\x15\x00\x12\x00\t\x00\x14\x00\x11\x00\x08\x00\x06\x00\x03\x01\x00',
    324: lambda target, proto: b'\x16\x03\x00\x00S\x01\x00\x00O\x03\x00?G\xd7\xf7\xba,\xee\xea\xb2`~\xf3\x00\xfd\x82{\xb9\xd5\x96\xc8w\x9b\xe6\xc4\xdb<=\xdbo\xef\x10n\x00\x00(\x00\x16\x00\x13\x00\n\x00f\x00\x05\x00\x04\x00e\x00d\x00c\x00b\x00a\x00`\x00\x15\x00\x12\x00\t\x00\x14\x00\x11\x00\x08\x00\x06\x00\x03\x01\x00',
    390: lambda target, proto: b'0\x84\x00\x00\x00-\x02\x01\x07c\x84\x00\x00\x00$\x04\x00\n\x01\x00\n\x01\x00\x02\x01\x00\x02\x01d\x01\x01\x00\x87\x0bobjectClass0\x84\x00\x00\x00\x00',
    406: lambda target, proto: b'OPTIONS sip:nm SIP/2.0\r\nVia: SIP/2.0/TCP nm;branch=foo\r\nFrom: <sip:nm@nm>;tag=root\r\nTo: <sip:nm2@nm2>\r\nCall-ID: 50000\r\nCSeq: 42 OPTIONS\r\nMax-Forwards: 70\r\nContent-Length: 0\r\nContact: <sip:nm@nm>\r\nAccept: application/sdp\r\n\r\n',
    407: lambda target, proto: b'r\xfe\x1d\x13\x00\x00\x00\x00\x00\x00\x00\x02\x00\x01\x86\xa0\x00\x01\x97|\x00\x00\x00\x00\x00\x00\x00\x00\x00\x00\x00\x00\x00\x00\x00\x00\x00\x00\x00\x00',
    427: lambda target, proto: b':\x00\x00\x00/\x00\x00\x00\x02\x00\x00@\x02\x0f\x00\x01\x00=\x05\x00\x00\x00\x00\x00\x00\x00\x00\x00\x00\x00\x00/\x00\x00\x00\x00\x00\x00\x00\x00\x00@\x1f\x00\x00\x00\x00\x00\x00\x00\x00\x00\x00\x00\x00\x00\x00\x00\x00\x00',
    444: lambda target, proto: b'\x16\x03\x00\x00S\x01\x00\x00O\x03\x00?G\xd7\xf7\xba,\xee\xea\xb2`~\xf3\x00\xfd\x82{\xb9\xd5\x96\xc8w\x9b\xe6\xc4\xdb<=\xdbo\xef\x10n\x00\x00(\x00\x16\x00\x13\x00\n\x00f\x00\x05\x00\x04\x00e\x00d\x00c\x00b\x00a\x00`\x00\x15\x00\x12\x00\t\x00\x14\x00\x11\x00\x08\x00\x06\x00\x03\x01\x00',
    445: lambda target, proto: b'\x00\x00\x00\xa4\xffSMBr\x00\x00\x00\x00\x08\x01@\x00\x00\x00\x00\x00\x00\x00\x00\x00\x00\x00\x00\x00\x00@\x06\x00\x00\x01\x00\x00\x81\x00\x02PC NETWORK PROGRAM 1.0\x00\x02MICROSOFT NETWORKS 1.03\x00\x02MICROSOFT NETWORKS 3.0\x00\x02LANMAN1.0\x00\x02LM1.2X002\x00\x02Samba\x00\x02NT LANMAN 1.0\x00\x02NT LM 0.12\x00',
    448: lambda target, proto: b'\x16\x03\x00\x00S\x01\x00\x00O\x03\x00?G\xd7\xf7\xba,\xee\xea\xb2`~\xf3\x00\xfd\x82{\xb9\xd5\x96\xc8w\x9b\xe6\xc4\xdb<=\xdbo\xef\x10n\x00\x00(\x00\x16\x00\x13\x00\n\x00f\x00\x05\x00\x04\x00e\x00d\x00c\x00b\x00a\x00`\x00\x15\x00\x12\x00\t\x00\x14\x00\x11\x00\x08\x00\x06\x00\x03\x01\x00',
    449: lambda target, proto: b'\r\n\r\n',
    497: lambda target, proto: b'l\x00\x0b\x00\x00\x00\x00\x00\x00\x00\x00\x00',
    500: lambda target, proto: b'\x00\x0e87\xa5&\x08\xa2\x1b\xa0\xb1\x00\x00\x00\x00\x00',
    505: lambda target, proto: b'\r\n\r\n',
    510: lambda target, proto: b'\r\n\r\n',
    515: lambda target, proto: b'\x01default\n',
    517: lambda target, proto: b'r\xfe\x1d\x13\x00\x00\x00\x00\x00\x00\x00\x02\x00\x01\x86\xa0\x00\x01\x97|\x00\x00\x00\x00\x00\x00\x00\x00\x00\x00\x00\x00\x00\x00\x00\x00\x00\x00\x00\x00',
    518: lambda target, proto: b'r\xfe\x1d\x13\x00\x00\x00\x00\x00\x00\x00\x02\x00\x01\x86\xa0\x00\x01\x97|\x00\x00\x00\x00\x00\x00\x00\x00\x00\x00\x00\x00\x00\x00\x00\x00\x00\x00\x00\x00',
    520: lambda target, proto: b'\x01\x01\x00\x00\x00\x00\x00\x00\x00\x00\x00\x00\x00\x00\x00\x00\x00\x00\x00\x00\x00\x00\x00\x10',
    523: lambda target, proto: b'\x00\x00\x00\x00DB2DAS      \x01\x04\x00\x00\x00\x109z\x00\x01\x00\x00\x00\x00\x00\x00\x00\x00\x00\x00\x01\x0c\x00\x00\x00\x00\x00\x00\x0c\x00\x00\x00\x0c\x00\x00\x00\x04',
    524: lambda target, proto: b'DmdT\x00\x00\x00\x17\x00\x00\x00\x01\x00\x00\x00\x00\x11\x11\x00\xff\x01\xff\x13',
    540: lambda target, proto: b'\r\n\r\n',
    543: lambda target, proto: b'\x00\x1e\x00\x06\x01\x00\x00\x01\x00\x00\x00\x00\x00\x00\x07version\x04bind\x00\x00\x10\x00\x03',
    544: lambda target, proto: b'\x80\x00\x00(r\xfe\x1d\x13\x00\x00\x00\x00\x00\x00\x00\x02\x00\x01\x86\xa0\x00\x01\x97|\x00\x00\x00\x00\x00\x00\x00\x00\x00\x00\x00\x00\x00\x00\x00\x00\x00\x00\x00\x00',
    548: lambda target, proto: b'\x16\x03\x00\x00S\x01\x00\x00O\x03\x00?G\xd7\xf7\xba,\xee\xea\xb2`~\xf3\x00\xfd\x82{\xb9\xd5\x96\xc8w\x9b\xe6\xc4\xdb<=\xdbo\xef\x10n\x00\x00(\x00\x16\x00\x13\x00\n\x00f\x00\x05\x00\x04\x00e\x00d\x00c\x00b\x00a\x00`\x00\x15\x00\x12\x00\t\x00\x14\x00\x11\x00\x08\x00\x06\x00\x03\x01\x00',
    563: lambda target, proto: b'\x16\x03\x00\x00S\x01\x00\x00O\x03\x00?G\xd7\xf7\xba,\xee\xea\xb2`~\xf3\x00\xfd\x82{\xb9\xd5\x96\xc8w\x9b\xe6\xc4\xdb<=\xdbo\xef\x10n\x00\x00(\x00\x16\x00\x13\x00\n\x00f\x00\x05\x00\x04\x00e\x00d\x00c\x00b\x00a\x00`\x00\x15\x00\x12\x00\t\x00\x14\x00\x11\x00\x08\x00\x06\x00\x03\x01\x00',
    585: lambda target, proto: b'\x16\x03\x00\x00S\x01\x00\x00O\x03\x00?G\xd7\xf7\xba,\xee\xea\xb2`~\xf3\x00\xfd\x82{\xb9\xd5\x96\xc8w\x9b\xe6\xc4\xdb<=\xdbo\xef\x10n\x00\x00(\x00\x16\x00\x13\x00\n\x00f\x00\x05\x00\x04\x00e\x00d\x00c\x00b\x00a\x00`\x00\x15\x00\x12\x00\t\x00\x14\x00\x11\x00\x08\x00\x06\x00\x03\x01\x00',
    591: lambda target, proto: b'GET / HTTP/1.0\r\n\r\n',
    616: lambda target, proto: b'\r\n\r\n',
    620: lambda target, proto: b'GET / HTTP/1.0\r\n\r\n',
    626: lambda target, proto: b'SNQUERY: 127.0.0.1:AAAAAA:xsvr',
    628: lambda target, proto: b'\x00\x1e\x00\x06\x01\x00\x00\x01\x00\x00\x00\x00\x00\x00\x07version\x04bind\x00\x00\x10\x00\x03',
    637: lambda target, proto: b'0\x84\x00\x00\x00-\x02\x01\x07c\x84\x00\x00\x00$\x04\x00\n\x01\x00\n\x01\x00\x02\x01\x00\x02\x01d\x01\x01\x00\x87\x0bobjectClass0\x84\x00\x00\x00\x00',
    641: lambda target, proto: b'OPTIONS / HTTP/1.0\r\n\r\n',
    660: lambda target, proto: b'\x00\x00\x00\xa4\xffSMBr\x00\x00\x00\x00\x08\x01@\x00\x00\x00\x00\x00\x00\x00\x00\x00\x00\x00\x00\x00\x00@\x06\x00\x00\x01\x00\x00\x81\x00\x02PC NETWORK PROGRAM 1.0\x00\x02MICROSOFT NETWORKS 1.03\x00\x02MICROSOFT NETWORKS 3.0\x00\x02LANMAN1.0\x00\x02LM1.2X002\x00\x02Samba\x00\x02NT LANMAN 1.0\x00\x02NT LM 0.12\x00',
    684: lambda target, proto: b'\x16\x03\x00\x00S\x01\x00\x00O\x03\x00?G\xd7\xf7\xba,\xee\xea\xb2`~\xf3\x00\xfd\x82{\xb9\xd5\x96\xc8w\x9b\xe6\xc4\xdb<=\xdbo\xef\x10n\x00\x00(\x00\x16\x00\x13\x00\n\x00f\x00\x05\x00\x04\x00e\x00d\x00c\x00b\x00a\x00`\x00\x15\x00\x12\x00\t\x00\x14\x00\x11\x00\x08\x00\x06\x00\x03\x01\x00',
    706: lambda target, proto: b'JRMI\x00\x02K',
    710: lambda target, proto: b'\x80\x00\x00(r\xfe\x1d\x13\x00\x00\x00\x00\x00\x00\x00\x02\x00\x01\x86\xa0\x00\x01\x97|\x00\x00\x00\x00\x00\x00\x00\x00\x00\x00\x00\x00\x00\x00\x00\x00\x00\x00\x00\x00',
    711: lambda target, proto: b'\x80\x00\x00(r\xfe\x1d\x13\x00\x00\x00\x00\x00\x00\x00\x02\x00\x01\x86\xa0\x00\x01\x97|\x00\x00\x00\x00\x00\x00\x00\x00\x00\x00\x00\x00\x00\x00\x00\x00\x00\x00\x00\x00',
    731: lambda target, proto: b'\r\n\r\n',
    771: lambda target, proto: b'\r\n\r\n',
    782: lambda target, proto: b'\r\n\r\n',
    783: lambda target, proto: b'GET / HTTP/1.0\r\n\r\n',
    853: lambda target, proto: b'\x00\x1e\x00\x06\x01\x00\x00\x01\x00\x00\x00\x00\x00\x00\x07version\x04bind\x00\x00\x10\x00\x03',
    888: lambda target, proto: b'GET / HTTP/1.0\r\n\r\n',
    898: lambda target, proto: b'GET / HTTP/1.0\r\n\r\n',
    900: lambda target, proto: b'GET / HTTP/1.0\r\n\r\n',
    901: lambda target, proto: b'GET / HTTP/1.0\r\n\r\n',
    989: lambda target, proto: b'\x16\x03\x00\x00S\x01\x00\x00O\x03\x00?G\xd7\xf7\xba,\xee\xea\xb2`~\xf3\x00\xfd\x82{\xb9\xd5\x96\xc8w\x9b\xe6\xc4\xdb<=\xdbo\xef\x10n\x00\x00(\x00\x16\x00\x13\x00\n\x00f\x00\x05\x00\x04\x00e\x00d\x00c\x00b\x00a\x00`\x00\x15\x00\x12\x00\t\x00\x14\x00\x11\x00\x08\x00\x06\x00\x03\x01\x00',
    994: lambda target, proto: b'\x16\x03\x00\x00S\x01\x00\x00O\x03\x00?G\xd7\xf7\xba,\xee\xea\xb2`~\xf3\x00\xfd\x82{\xb9\xd5\x96\xc8w\x9b\xe6\xc4\xdb<=\xdbo\xef\x10n\x00\x00(\x00\x16\x00\x13\x00\n\x00f\x00\x05\x00\x04\x00e\x00d\x00c\x00b\x00a\x00`\x00\x15\x00\x12\x00\t\x00\x14\x00\x11\x00\x08\x00\x06\x00\x03\x01\x00',
    999: lambda target, proto: b'JRMI\x00\x02K',
    1000: lambda target, proto: b'\r\n\r\n',
    1010: lambda target, proto: b'\r\n\r\n',
    1025: lambda target, proto: b'\x00\x00\x00\xa4\xffSMBr\x00\x00\x00\x00\x08\x01@\x00\x00\x00\x00\x00\x00\x00\x00\x00\x00\x00\x00\x00\x00@\x06\x00\x00\x01\x00\x00\x81\x00\x02PC NETWORK PROGRAM 1.0\x00\x02MICROSOFT NETWORKS 1.03\x00\x02MICROSOFT NETWORKS 3.0\x00\x02LANMAN1.0\x00\x02LM1.2X002\x00\x02Samba\x00\x02NT LANMAN 1.0\x00\x02NT LM 0.12\x00',
    1026: lambda target, proto: b'GET / HTTP/1.0\r\n\r\n',
    1027: lambda target, proto: b'\x00\x00\x00\xa4\xffSMBr\x00\x00\x00\x00\x08\x01@\x00\x00\x00\x00\x00\x00\x00\x00\x00\x00\x00\x00\x00\x00@\x06\x00\x00\x01\x00\x00\x81\x00\x02PC NETWORK PROGRAM 1.0\x00\x02MICROSOFT NETWORKS 1.03\x00\x02MICROSOFT NETWORKS 3.0\x00\x02LANMAN1.0\x00\x02LM1.2X002\x00\x02Samba\x00\x02NT LANMAN 1.0\x00\x02NT LM 0.12\x00',
    1028: lambda target, proto: b'\x03\x00\x00\x0b\x06\xe0\x00\x00\x00\x00\x00',
    1029: lambda target, proto: b'\x00\x1e\x00\x06\x01\x00\x00\x01\x00\x00\x00\x00\x00\x00\x07version\x04bind\x00\x00\x10\x00\x03',
    1030: lambda target, proto: b'JRMI\x00\x02K',
    1031: lambda target, proto: b'\x00\x00\x00\xa4\xffSMBr\x00\x00\x00\x00\x08\x01@\x00\x00\x00\x00\x00\x00\x00\x00\x00\x00\x00\x00\x00\x00@\x06\x00\x00\x01\x00\x00\x81\x00\x02PC NETWORK PROGRAM 1.0\x00\x02MICROSOFT NETWORKS 1.03\x00\x02MICROSOFT NETWORKS 3.0\x00\x02LANMAN1.0\x00\x02LM1.2X002\x00\x02Samba\x00\x02NT LANMAN 1.0\x00\x02NT LM 0.12\x00',
    1035: lambda target, proto: b'JRMI\x00\x02K',
    1040: lambda target, proto: b'\r\n\r\n',
    1041: lambda target, proto: b'\r\n\r\n',
    1042: lambda target, proto: b'\r\n\r\n',
    1043: lambda target, proto: b'\r\n\r\n',
    1068: lambda target, proto: b'\x03\x00\x00\x0b\x06\xe0\x00\x00\x00\x00\x00',
    1090: lambda target, proto: b'JRMI\x00\x02K',
    1095: lambda target, proto: b'\x05\x04\x00\x01\x02\x80\x05\x01\x00\x03\ngoogle.com\x00PGET / HTTP/1.0\r\n\r\n',
    1098: lambda target, proto: b'JRMI\x00\x02K',
    1100: lambda target, proto: b'JRMI\x00\x02K',
    1101: lambda target, proto: b'JRMI\x00\x02K',
    1102: lambda target, proto: b'JRMI\x00\x02K',
    1103: lambda target, proto: b'JRMI\x00\x02K',
    1105: lambda target, proto: b'\x05\x04\x00\x01\x02\x80\x05\x01\x00\x03\ngoogle.com\x00PGET / HTTP/1.0\r\n\r\n',
    1109: lambda target, proto: b'\x05\x04\x00\x01\x02\x80\x05\x01\x00\x03\ngoogle.com\x00PGET / HTTP/1.0\r\n\r\n',
    1111: lambda target, proto: b'HELP\r\n',
    1112: lambda target, proto: b'\x00\x00\x00\xa4\xffSMBr\x00\x00\x00\x00\x08\x01@\x00\x00\x00\x00\x00\x00\x00\x00\x00\x00\x00\x00\x00\x00@\x06\x00\x00\x01\x00\x00\x81\x00\x02PC NETWORK PROGRAM 1.0\x00\x02MICROSOFT NETWORKS 1.03\x00\x02MICROSOFT NETWORKS 3.0\x00\x02LANMAN1.0\x00\x02LM1.2X002\x00\x02Samba\x00\x02NT LANMAN 1.0\x00\x02NT LM 0.12\x00',
    1129: lambda target, proto: b'JRMI\x00\x02K',
    1194: lambda target, proto: b'\x00\x0e87\xa5&\x08\xa2\x1b\xa0\xb1\x00\x00\x00\x00\x00',
    1199: lambda target, proto: b'JRMI\x00\x02K',
    1200: lambda target, proto: b'DmdT\x00\x00\x00\x17\x00\x00\x00\x01\x00\x00\x00\x00\x11\x11\x00\xff\x01\xff\x13',
    1212: lambda target, proto: b'\r\n\r\n',
    1214: lambda target, proto: b'GET / HTTP/1.0\r\n\r\n',
    1217: lambda target, proto: b'DmdT\x00\x00\x00\x17\x00\x00\x00\x01\x00\x00\x00\x00\x11\x11\x00\xff\x01\xff\x13',
    1220: lambda target, proto: b'\r\n\r\n',
    1234: lambda target, proto: b'JRMI\x00\x02K',
    1241: lambda target, proto: b'\x16\x03\x00\x00S\x01\x00\x00O\x03\x00?G\xd7\xf7\xba,\xee\xea\xb2`~\xf3\x00\xfd\x82{\xb9\xd5\x96\xc8w\x9b\xe6\xc4\xdb<=\xdbo\xef\x10n\x00\x00(\x00\x16\x00\x13\x00\n\x00f\x00\x05\x00\x04\x00e\x00d\x00c\x00b\x00a\x00`\x00\x15\x00\x12\x00\t\x00\x14\x00\x11\x00\x08\x00\x06\x00\x03\x01\x00',
    1248: lambda target, proto: b'\r\n\r\n',
    1258: lambda target, proto: b's',
    1302: lambda target, proto: b'\r\n\r\n',
    1311: lambda target, proto: b'\x16\x03\x00\x00S\x01\x00\x00O\x03\x00?G\xd7\xf7\xba,\xee\xea\xb2`~\xf3\x00\xfd\x82{\xb9\xd5\x96\xc8w\x9b\xe6\xc4\xdb<=\xdbo\xef\x10n\x00\x00(\x00\x16\x00\x13\x00\n\x00f\x00\x05\x00\x04\x00e\x00d\x00c\x00b\x00a\x00`\x00\x15\x00\x12\x00\t\x00\x14\x00\x11\x00\x08\x00\x06\x00\x03\x01\x00',
    1314: lambda target, proto: b'GET / HTTP/1.0\r\n\r\n',
    1352: lambda target, proto: b':\x00\x00\x00/\x00\x00\x00\x02\x00\x00@\x02\x0f\x00\x01\x00=\x05\x00\x00\x00\x00\x00\x00\x00\x00\x00\x00\x00\x00/\x00\x00\x00\x00\x00\x00\x00\x00\x00@\x1f\x00\x00\x00\x00\x00\x00\x00\x00\x00\x00\x00\x00\x00\x00\x00\x00\x00',
    1400: lambda target, proto: b'\r\n\r\n',
    1414: lambda target, proto: b'TSH \x00\x00\x00\xec\x01\x011\x00\x00\x00\x00\x00\x00\x00\x00\x00\x00\x00\x01\x11\x04\xb8\x00\x00ID  \n&\x00\x00\x00\x00\x00\x00\x00\x00\x7f\xf6\x06@\x00\x00\x00\x00\x00\x00SYSTEM.ADMIN.SVRCONNQ\x00\x04\xb8nmap-probe                                      \x00\x00\x00\x01\x00j\x00\x00\x00\xff\x00\xff\xff\xff\xff\xff\xff\xff\xff\xff\xff\xff\xff\xff\xff\xff\x00\x00\x00\x00\x00\x00\x00\x00\x00\n\x00\x00\x00\x00\x00\x00\x00\x00\x00\x00\x00\x00\x00\x00\x00\x02MQJB00000000CANNED_DATA                                     ',
    1415: lambda target, proto: b'TSH \x00\x00\x00\xec\x01\x011\x00\x00\x00\x00\x00\x00\x00\x00\x00\x00\x00\x01\x11\x04\xb8\x00\x00ID  \n&\x00\x00\x00\x00\x00\x00\x00\x00\x7f\xf6\x06@\x00\x00\x00\x00\x00\x00SYSTEM.ADMIN.SVRCONNQ\x00\x04\xb8nmap-probe                                      \x00\x00\x00\x01\x00j\x00\x00\x00\xff\x00\xff\xff\xff\xff\xff\xff\xff\xff\xff\xff\xff\xff\xff\xff\xff\x00\x00\x00\x00\x00\x00\x00\x00\x00\n\x00\x00\x00\x00\x00\x00\x00\x00\x00\x00\x00\x00\x00\x00\x00\x02MQJB00000000CANNED_DATA                                     ',
    1416: lambda target, proto: b'TSH \x00\x00\x00\xec\x01\x011\x00\x00\x00\x00\x00\x00\x00\x00\x00\x00\x00\x01\x11\x04\xb8\x00\x00ID  \n&\x00\x00\x00\x00\x00\x00\x00\x00\x7f\xf6\x06@\x00\x00\x00\x00\x00\x00SYSTEM.ADMIN.SVRCONNQ\x00\x04\xb8nmap-probe                                      \x00\x00\x00\x01\x00j\x00\x00\x00\xff\x00\xff\xff\xff\xff\xff\xff\xff\xff\xff\xff\xff\xff\xff\xff\xff\x00\x00\x00\x00\x00\x00\x00\x00\x00\n\x00\x00\x00\x00\x00\x00\x00\x00\x00\x00\x00\x00\x00\x00\x00\x02MQJB00000000CANNED_DATA                                     ',
    1417: lambda target, proto: b'TSH \x00\x00\x00\xec\x01\x011\x00\x00\x00\x00\x00\x00\x00\x00\x00\x00\x00\x01\x11\x04\xb8\x00\x00ID  \n&\x00\x00\x00\x00\x00\x00\x00\x00\x7f\xf6\x06@\x00\x00\x00\x00\x00\x00SYSTEM.ADMIN.SVRCONNQ\x00\x04\xb8nmap-probe                                      \x00\x00\x00\x01\x00j\x00\x00\x00\xff\x00\xff\xff\xff\xff\xff\xff\xff\xff\xff\xff\xff\xff\xff\xff\xff\x00\x00\x00\x00\x00\x00\x00\x00\x00\n\x00\x00\x00\x00\x00\x00\x00\x00\x00\x00\x00\x00\x00\x00\x00\x02MQJB00000000CANNED_DATA                                     ',
    1418: lambda target, proto: b'TSH \x00\x00\x00\xec\x01\x011\x00\x00\x00\x00\x00\x00\x00\x00\x00\x00\x00\x01\x11\x04\xb8\x00\x00ID  \n&\x00\x00\x00\x00\x00\x00\x00\x00\x7f\xf6\x06@\x00\x00\x00\x00\x00\x00SYSTEM.ADMIN.SVRCONNQ\x00\x04\xb8nmap-probe                                      \x00\x00\x00\x01\x00j\x00\x00\x00\xff\x00\xff\xff\xff\xff\xff\xff\xff\xff\xff\xff\xff\xff\xff\xff\xff\x00\x00\x00\x00\x00\x00\x00\x00\x00\n\x00\x00\x00\x00\x00\x00\x00\x00\x00\x00\x00\x00\x00\x00\x00\x02MQJB00000000CANNED_DATA                                     ',
    1419: lambda target, proto: b'TSH \x00\x00\x00\xec\x01\x011\x00\x00\x00\x00\x00\x00\x00\x00\x00\x00\x00\x01\x11\x04\xb8\x00\x00ID  \n&\x00\x00\x00\x00\x00\x00\x00\x00\x7f\xf6\x06@\x00\x00\x00\x00\x00\x00SYSTEM.ADMIN.SVRCONNQ\x00\x04\xb8nmap-probe                                      \x00\x00\x00\x01\x00j\x00\x00\x00\xff\x00\xff\xff\xff\xff\xff\xff\xff\xff\xff\xff\xff\xff\xff\xff\xff\x00\x00\x00\x00\x00\x00\x00\x00\x00\n\x00\x00\x00\x00\x00\x00\x00\x00\x00\x00\x00\x00\x00\x00\x00\x02MQJB00000000CANNED_DATA                                     ',
    1420: lambda target, proto: b'TSH \x00\x00\x00\xec\x01\x011\x00\x00\x00\x00\x00\x00\x00\x00\x00\x00\x00\x01\x11\x04\xb8\x00\x00ID  \n&\x00\x00\x00\x00\x00\x00\x00\x00\x7f\xf6\x06@\x00\x00\x00\x00\x00\x00SYSTEM.ADMIN.SVRCONNQ\x00\x04\xb8nmap-probe                                      \x00\x00\x00\x01\x00j\x00\x00\x00\xff\x00\xff\xff\xff\xff\xff\xff\xff\xff\xff\xff\xff\xff\xff\xff\xff\x00\x00\x00\x00\x00\x00\x00\x00\x00\n\x00\x00\x00\x00\x00\x00\x00\x00\x00\x00\x00\x00\x00\x00\x00\x02MQJB00000000CANNED_DATA                                     ',
    1432: lambda target, proto: b'\r\n\r\n',
    1434: lambda target, proto: b'\x02',
    1440: lambda target, proto: b'JRMI\x00\x02K',
    1443: lambda target, proto: b'\x16\x03\x00\x00S\x01\x00\x00O\x03\x00?G\xd7\xf7\xba,\xee\xea\xb2`~\xf3\x00\xfd\x82{\xb9\xd5\x96\xc8w\x9b\xe6\xc4\xdb<=\xdbo\xef\x10n\x00\x00(\x00\x16\x00\x13\x00\n\x00f\x00\x05\x00\x04\x00e\x00d\x00c\x00b\x00a\x00`\x00\x15\x00\x12\x00\t\x00\x14\x00\x11\x00\x08\x00\x06\x00\x03\x01\x00',
    1467: lambda target, proto: b'\r\n\r\n',
    1500: lambda target, proto: b'Subscribe\n',
    1501: lambda target, proto: b'Query\n',
    1503: lambda target, proto: b'\x03\x00\x00\x0b\x06\xe0\x00\x00\x00\x00\x00',
    1505: lambda target, proto: b'\x00\x80\x80\x08\xff\x00',
    1522: lambda target, proto: b'\x00Z\x00\x00\x01\x00\x00\x00\x016\x01,\x00\x00\x08\x00\x7f\xff\x7f\x08\x00\x00\x00\x01\x00 \x00:\x00\x00\x00\x00\x00\x00\x00\x00\x00\x00\x00\x00\x00\x00\x00\x004\xe6\x00\x00\x00\x01\x00\x00\x00\x00\x00\x00\x00\x00(CONNECT_DATA=(COMMAND=version))',
    1525: lambda target, proto: b'\x00Z\x00\x00\x01\x00\x00\x00\x016\x01,\x00\x00\x08\x00\x7f\xff\x7f\x08\x00\x00\x00\x01\x00 \x00:\x00\x00\x00\x00\x00\x00\x00\x00\x00\x00\x00\x00\x00\x00\x00\x004\xe6\x00\x00\x00\x01\x00\x00\x00\x00\x00\x00\x00\x00(CONNECT_DATA=(COMMAND=version))',
    1526: lambda target, proto: b'\x00Z\x00\x00\x01\x00\x00\x00\x016\x01,\x00\x00\x08\x00\x7f\xff\x7f\x08\x00\x00\x00\x01\x00 \x00:\x00\x00\x00\x00\x00\x00\x00\x00\x00\x00\x00\x00\x00\x00\x00\x004\xe6\x00\x00\x00\x01\x00\x00\x00\x00\x00\x00\x00\x00(CONNECT_DATA=(COMMAND=version))',
    1527: lambda target, proto: b'\x002\xd0\x01\x00\x01\x00,\x10A\x00\x04\x11^\x00\x04\x11m\x00\x04\x11Z\x00\x18\x14\x04\x14\x03\x00\x07$\x07\x00\x08$\x0f\x00\x08\x14@\x00\x08\x14t\x00\x08\x00\x04\x11G',
    1549: lambda target, proto: b'\x01\x00\x00\xfd\xce\xfa\x0b\xb0\xa0\x00\x00\x00MMS\x14\x00\x00\x00\x00\x00\x00\x00\x00\x00\x00\x00\x00\x00\x00\x00\x12\x00\x00\x00\x01\x00\x03\x00\xf0\xf0\xf0\xf0\x0b\x00\x04\x00\x1c\x00\x03\x00N\x00S\x00P\x00l\x00a\x00y\x00e\x00r\x00/\x009\x00.\x000\x00.\x000\x00.\x002\x009\x008\x000\x00;\x00 \x00{\x000\x000\x000\x000\x00A\x00A\x000\x000\x00-\x000\x00A\x000\x000\x00-\x000\x000\x00a\x000\x00-\x00A\x00A\x000\x00A\x00-\x000\x000\x000\x000\x00A\x000\x00A\x00A\x000\x00A\x00A\x000\x00}\x00\x00\x00\xe0m\xdf_',
    1550: lambda target, proto: b'l\x00\x0b\x00\x00\x00\x00\x00\x00\x00\x00\x00',
    1574: lambda target, proto: b'\x00Z\x00\x00\x01\x00\x00\x00\x016\x01,\x00\x00\x08\x00\x7f\xff\x7f\x08\x00\x00\x00\x01\x00 \x00:\x00\x00\x00\x00\x00\x00\x00\x00\x00\x00\x00\x00\x00\x00\x00\x004\xe6\x00\x00\x00\x01\x00\x00\x00\x00\x00\x00\x00\x00(CONNECT_DATA=(COMMAND=version))',
    1583: lambda target, proto: b'Client string for PARC version 1 Wire Encryption version 1\x00\x00\x00\x00\x00\x00\x00\x00\x00\x00\x00\x00\x00\x00\x00\x00\x00\x00\x00\x00\x00\x00\x00\x00\x00\x00\x00\x00\x00\x00\x00\x00\x00\x00\x00\x00\x00\x00\x00\x00\x00\x00\x00\x00\x00\x00\x00\x00\x00\x00\x00\x00\x00\x00\x00\x00\x00\x00\x00\x00\x00\x00\x00\x00\x00\x00\x00\x00\x00\x00\x00\x00\x00\x00\x00\x00\x00\x00\x00\x00\x00\x00\x00\x00\x00\x00\x00\x00\x00\x00\x00\x00\x00\x00\x00\x00\x00\x00\x00\x00\x00\x00\x00\x00\x00\x00\x00\x00\x00\x00\x00\x00\x00\x00\x00\x00\x00\x00\x00\x00\x00\x00\x00\x00\x00\x00\x00\x00\x00\x00\x00\x00\x00\x00\x00\x00\x00\x00\x00\x00\x00\x00\x00\x00\x00\x00\x00\x00\x00\x00\x00\x00\x00\x00\x00\x00\x00\x00\x00\x00\x00\x00\x00\x00\x00\x00\x00\x00\x00\x00\x00\x00\x00\x00\x00\x00\x00\x00\x00\x00\x00\x00\x00\x00\x00\x00\x00\x00\x00\x00\x00\x00\x00\x00\x00\x00\x00',
    1599: lambda target, proto: b'LO_SERVER_CLIENT_PAIR\nNmap\n0000\n\n',
    1604: lambda target, proto: b'\x1e\x00\x010\x02\xfd\xa8\xe3\x00\x00\x00\x00\x00\x00\x00\x00\x00\x00\x00\x00\x00\x00\x00\x00\x00\x00\x00\x00\x00\x00',
    1610: lambda target, proto: b'GET / HTTP/1.0\r\n\r\n',
    1611: lambda target, proto: b'GET / HTTP/1.0\r\n\r\n',
    1645: lambda target, proto: b'\x01\x00\x00\x14\x00\x00\x00\x00\x00\x00\x00\x00\x00\x00\x00\x00\x00\x00\x00\x00',
    1666: lambda target, proto: b'\r\n\r\n',
    1687: lambda target, proto: b'\r\n\r\n',
    1688: lambda target, proto: b'\r\n\r\n',
    1701: lambda target, proto: b'\xc8\x02\x00<\x00\x00\x00\x00\x00\x00\x00\x00\x80\x08\x00\x00\x00\x00\x00\x01\x80\x08\x00\x00\x00\x02\x01\x00\x80\x0e\x00\x00\x00\x07nxp-scan\x80\n\x00\x00\x00\x03\x00\x00\x00\x03\x80\x08\x00\x00\x00\t\x00\x00',
    1702: lambda target, proto: b'0\x84\x00\x00\x00-\x02\x01\x07c\x84\x00\x00\x00$\x04\x00\n\x01\x00\n\x01\x00\x02\x01\x00\x02\x01d\x01\x01\x00\x87\x0bobjectClass0\x84\x00\x00\x00\x00',
    1719: lambda target, proto: b'\x00\x00\x03\xe7\x00\x00\x00\x00\x00\x00\x00e\x00\x00\x00\x00\x00\x00\x00\x00\r\x05\x00\x00\x00\x00\x00\x00\x00\x00\x00\x00',
    1748: lambda target, proto: b'\x00Z\x00\x00\x01\x00\x00\x00\x016\x01,\x00\x00\x08\x00\x7f\xff\x7f\x08\x00\x00\x00\x01\x00 \x00:\x00\x00\x00\x00\x00\x00\x00\x00\x00\x00\x00\x00\x00\x00\x00\x004\xe6\x00\x00\x00\x01\x00\x00\x00\x00\x00\x00\x00\x00(CONNECT_DATA=(COMMAND=version))',
    1754: lambda target, proto: b'\x00Z\x00\x00\x01\x00\x00\x00\x016\x01,\x00\x00\x08\x00\x7f\xff\x7f\x08\x00\x00\x00\x01\x00 \x00:\x00\x00\x00\x00\x00\x00\x00\x00\x00\x00\x00\x00\x00\x00\x00\x004\xe6\x00\x00\x00\x01\x00\x00\x00\x00\x00\x00\x00\x00(CONNECT_DATA=(COMMAND=version))',
    1755: lambda target, proto: b'\x01\x00\x00\xfd\xce\xfa\x0b\xb0\xa0\x00\x00\x00MMS\x14\x00\x00\x00\x00\x00\x00\x00\x00\x00\x00\x00\x00\x00\x00\x00\x12\x00\x00\x00\x01\x00\x03\x00\xf0\xf0\xf0\xf0\x0b\x00\x04\x00\x1c\x00\x03\x00N\x00S\x00P\x00l\x00a\x00y\x00e\x00r\x00/\x009\x00.\x000\x00.\x000\x00.\x002\x009\x008\x000\x00;\x00 \x00{\x000\x000\x000\x000\x00A\x00A\x000\x000\x00-\x000\x00A\x000\x000\x00-\x000\x000\x00a\x000\x00-\x00A\x00A\x000\x00A\x00-\x000\x000\x000\x000\x00A\x000\x00A\x00A\x000\x00A\x00A\x000\x00}\x00\x00\x00\xe0m\xdf_',
    1761: lambda target, proto: b'TNMP\x04\x00\x00\x00TNME\x00\x00\x04\x00',
    1762: lambda target, proto: b'TNMP\x04\x00\x00\x00TNME\x00\x00\x04\x00',
    1763: lambda target, proto: b'TNMP\x04\x00\x00\x00TNME\x00\x00\x04\x00',
    1812: lambda target, proto: b'\x01\x00\x00\x14\x00\x00\x00\x00\x00\x00\x00\x00\x00\x00\x00\x00\x00\x00\x00\x00',
    1830: lambda target, proto: b'GET / HTTP/1.0\r\n\r\n',
    1900: lambda target, proto: b'M-SEARCH * HTTP/1.1\r\nHost: 239.255.255.250:1900\r\nMan: "ssdp:discover"\r\nMX: 5\r\nST: ssdp:all\r\n\r\n',
    1911: lambda target, proto: b'fox a 1 -1 fox hello\n{\nfox.version=s:1.0\nid=i:1\n};;\n',
    1935: lambda target, proto: b'\x03\x00\x00\x0b\x06\xe0\x00\x00\x00\x00\x00',
    1962: lambda target, proto: b'\x01\x01\x00\x1a\x00\x00\x00\x00x\x80\x00\x03\x00\x0cIBETH01N0_M\x00',
    1967: lambda target, proto: b'\x00\x06\x01\x00\x00\x01\x00\x00\x00\x00\x00\x00\x07version\x04bind\x00\x00\x10\x00\x03',
    1972: lambda target, proto: b':\x00\x00\x00/\x00\x00\x00\x02\x00\x00@\x02\x0f\x00\x01\x00=\x05\x00\x00\x00\x00\x00\x00\x00\x00\x00\x00\x00\x00/\x00\x00\x00\x00\x00\x00\x00\x00\x00@\x1f\x00\x00\x00\x00\x00\x00\x00\x00\x00\x00\x00\x00\x00\x00\x00\x00\x00',
    1981: lambda target, proto: b'JRMI\x00\x02K',
    2001: lambda target, proto: b'GET / HTTP/1.0\r\n\r\n',
    2002: lambda target, proto: b'l\x00\x0b\x00\x00\x00\x00\x00\x00\x00\x00\x00',
    2010: lambda target, proto: b'\r\n\r\n',
    2023: lambda target, proto: b'\xff\xfb\x18\xff\xfa\x18\x00IBM-3279-4-E\xff\xf0\xff\xfb\x19\xff\xfd\x19\xff\xfb\x00\xff\xfd\x00',
    2024: lambda target, proto: b'\r\n\r\n',
    2040: lambda target, proto: b'\x03\x00\x00\x0b\x06\xe0\x00\x00\x00\x00\x00',
    2050: lambda target, proto: b'#ST\n',
    2064: lambda target, proto: b'GET / HTTP/1.0\r\n\r\n',
    2068: lambda target, proto: b'\x00\x1e\x00\x06\x01\x00\x00\x01\x00\x00\x00\x00\x00\x00\x07version\x04bind\x00\x00\x10\x00\x03',
    2100: lambda target, proto: b'GET /nice%20ports%2C/Tri%6Eity.txt%2ebak HTTP/1.0\r\n\r\n',
    2105: lambda target, proto: b'\x00\x1e\x00\x06\x01\x00\x00\x01\x00\x00\x00\x00\x00\x00\x07version\x04bind\x00\x00\x10\x00\x03',
    2123: lambda target, proto: b'2\x01\x00\x04\x00\x00B\x00\x137\x00\x00',
    2126: lambda target, proto: b's',
    2152: lambda target, proto: b'2\x01\x00\x04\x00\x00B\x00\x137\x00\x00',
    2160: lambda target, proto: b'GET / HTTP/1.0\r\n\r\n',
    2199: lambda target, proto: b'JRMI\x00\x02K',
    2221: lambda target, proto: b'\x16\x03\x00\x00S\x01\x00\x00O\x03\x00?G\xd7\xf7\xba,\xee\xea\xb2`~\xf3\x00\xfd\x82{\xb9\xd5\x96\xc8w\x9b\xe6\xc4\xdb<=\xdbo\xef\x10n\x00\x00(\x00\x16\x00\x13\x00\n\x00f\x00\x05\x00\x04\x00e\x00d\x00c\x00b\x00a\x00`\x00\x15\x00\x12\x00\t\x00\x14\x00\x11\x00\x08\x00\x06\x00\x03\x01\x00',
    2252: lambda target, proto: b'\x16\x03\x00\x00S\x01\x00\x00O\x03\x00?G\xd7\xf7\xba,\xee\xea\xb2`~\xf3\x00\xfd\x82{\xb9\xd5\x96\xc8w\x9b\xe6\xc4\xdb<=\xdbo\xef\x10n\x00\x00(\x00\x16\x00\x13\x00\n\x00f\x00\x05\x00\x04\x00e\x00d\x00c\x00b\x00a\x00`\x00\x15\x00\x12\x00\t\x00\x14\x00\x11\x00\x08\x00\x06\x00\x03\x01\x00',
    2301: lambda target, proto: b'OPTIONS / HTTP/1.0\r\n\r\n',
    2302: lambda target, proto: b'\x00\x02\xf1&\x01&\xf0\x90\xa6\xf0&WN\xac\xa0\xec\xf8h\xe4\x8d!',
    2303: lambda target, proto: b' \x90\x80\x08\xff\x00',
    2306: lambda target, proto: b'GET / HTTP/1.0\r\n\r\n',
    2323: lambda target, proto: b'\xff\xfb\x18\xff\xfa\x18\x00IBM-3279-4-E\xff\xf0\xff\xfb\x19\xff\xfd\x19\xff\xfb\x00\xff\xfd\x00',
    2396: lambda target, proto: b'GET / HTTP/1.0\r\n\r\n',
    2401: lambda target, proto: b'HELP\r\n',
    2427: lambda target, proto: b'r\xfe\x1d\x13\x00\x00\x00\x00\x00\x00\x00\x02\x00\x01\x86\xa0\x00\x01\x97|\x00\x00\x00\x00\x00\x00\x00\x00\x00\x00\x00\x00\x00\x00\x00\x00\x00\x00\x00\x00',
    2443: lambda target, proto: b'\x16\x03\x00\x00S\x01\x00\x00O\x03\x00?G\xd7\xf7\xba,\xee\xea\xb2`~\xf3\x00\xfd\x82{\xb9\xd5\x96\xc8w\x9b\xe6\xc4\xdb<=\xdbo\xef\x10n\x00\x00(\x00\x16\x00\x13\x00\n\x00f\x00\x05\x00\x04\x00e\x00d\x00c\x00b\x00a\x00`\x00\x15\x00\x12\x00\t\x00\x14\x00\x11\x00\x08\x00\x06\x00\x03\x01\x00',
    2481: lambda target, proto: b'GIOP\x01\x00\x01\x00$\x00\x00\x00\x00\x00\x00\x00\x01\x00\x00\x00\x01\x00\x00\x00\x06\x00\x00\x00abcdef\x00\x00\x04\x00\x00\x00get\x00\x00\x00\x00\x00',
    2482: lambda target, proto: b'GIOP\x01\x00\x01\x00$\x00\x00\x00\x00\x00\x00\x00\x01\x00\x00\x00\x01\x00\x00\x00\x06\x00\x00\x00abcdef\x00\x00\x04\x00\x00\x00get\x00\x00\x00\x00\x00',
    2525: lambda target, proto: b'GET / HTTP/1.0\r\n\r\n',
    2600: lambda target, proto: b'\r\n\r\n',
    2627: lambda target, proto: b'HELP\r\n',
    2638: lambda target, proto: b'\x1b\x00\x00=\x00\x00\x00\x00\x12CONNECTIONLESS_TDS\x00\x00\x00\x01\x00\x00\x04\x00\x05\x00\x05\x00\x00\x01\x02\x00\x00\x03\x01\x01\x04\x08\x00\x00\x00\x00\x00\x00\x00\x00\x07\x02\x04\xb1',
    2701: lambda target, proto: b'TNMP\x04\x00\x00\x00TNME\x00\x00\x04\x00',
    2715: lambda target, proto: b'GET / HTTP/1.0\r\n\r\n',
    2809: lambda target, proto: b'JRMI\x00\x02K',
    2869: lambda target, proto: b'GET / HTTP/1.0\r\n\r\n',
    2947: lambda target, proto: b'\x01default\n',
    2967: lambda target, proto: b'\x00\x1e\x00\x06\x01\x00\x00\x01\x00\x00\x00\x00\x00\x00\x07version\x04bind\x00\x00\x10\x00\x03',
    3000: lambda target, proto: b'DmdT\x00\x00\x00\x17\x00\x00\x00\x01\x00\x00\x00\x00\x11\x11\x00\xff\x01\xff\x13',
    3001: lambda target, proto: b'DmdT\x00\x00\x00\x17\x00\x00\x00\x01\x00\x00\x00\x00\x11\x11\x00\xff\x01\xff\x13',
    3002: lambda target, proto: b'DmdT\x00\x00\x00\x17\x00\x00\x00\x01\x00\x00\x00\x00\x11\x11\x00\xff\x01\xff\x13',
    3003: lambda target, proto: b'DmdT\x00\x00\x00\x17\x00\x00\x00\x01\x00\x00\x00\x00\x11\x11\x00\xff\x01\xff\x13',
    3004: lambda target, proto: b'DmdT\x00\x00\x00\x17\x00\x00\x00\x01\x00\x00\x00\x00\x11\x11\x00\xff\x01\xff\x13',
    3005: lambda target, proto: b'DmdT\x00\x00\x00\x17\x00\x00\x00\x01\x00\x00\x00\x00\x11\x11\x00\xff\x01\xff\x13',
    3006: lambda target, proto: b'\x00\x00\x00\xa4\xffSMBr\x00\x00\x00\x00\x08\x01@\x00\x00\x00\x00\x00\x00\x00\x00\x00\x00\x00\x00\x00\x00@\x06\x00\x00\x01\x00\x00\x81\x00\x02PC NETWORK PROGRAM 1.0\x00\x02MICROSOFT NETWORKS 1.03\x00\x02MICROSOFT NETWORKS 3.0\x00\x02LANMAN1.0\x00\x02LM1.2X002\x00\x02Samba\x00\x02NT LANMAN 1.0\x00\x02NT LM 0.12\x00',
    3025: lambda target, proto: b'EHLO\r\n',
    3031: lambda target, proto: b'DmdT\x00\x00\x00\x17\x00\x00\x00\x01\x00\x00\x00\x00\x11\x11\x00\xff\x01\xff\x13',
    3050: lambda target, proto: b'\x00\x00\x00\x01\x00\x00\x00\x13\x00\x00\x00\x02\x00\x00\x00$\x00\x00\x00\x0bservice_mgr\x00\x00\x00\x00\x02\x00\x00\x00\x13\x01\x08scanner \x04\x05nmap \x06\x00\x00\x00\x00\x00\x08\x00\x00\x00\x01\x00\x00\x00\x02\x00\x00\x00\x03\x00\x00\x00\x02\x00\x00\x00\n\x00\x00\x00\x01\x00\x00\x00\x02\x00\x00\x00\x03\x00\x00\x00\x04',
    3052: lambda target, proto: b'GET / HTTP/1.0\r\n\r\n',
    3123: lambda target, proto: b's',
    3268: lambda target, proto: b'0\x84\x00\x00\x00-\x02\x01\x07c\x84\x00\x00\x00$\x04\x00\n\x01\x00\n\x01\x00\x02\x01\x00\x02\x01d\x01\x01\x00\x87\x0bobjectClass0\x84\x00\x00\x00\x00',
    3269: lambda target, proto: b'0\x84\x00\x00\x00-\x02\x01\x07c\x84\x00\x00\x00$\x04\x00\n\x01\x00\n\x01\x00\x02\x01\x00\x02\x01d\x01\x01\x00\x87\x0bobjectClass0\x84\x00\x00\x00\x00',
    3273: lambda target, proto: b'JRMI\x00\x02K',
    3280: lambda target, proto: b'GET / HTTP/1.0\r\n\r\n',
    3310: lambda target, proto: b'VERSION',
    3333: lambda target, proto: b'\x01default\n',
    3351: lambda target, proto: b'Client string for PARC version 1 Wire Encryption version 1\x00\x00\x00\x00\x00\x00\x00\x00\x00\x00\x00\x00\x00\x00\x00\x00\x00\x00\x00\x00\x00\x00\x00\x00\x00\x00\x00\x00\x00\x00\x00\x00\x00\x00\x00\x00\x00\x00\x00\x00\x00\x00\x00\x00\x00\x00\x00\x00\x00\x00\x00\x00\x00\x00\x00\x00\x00\x00\x00\x00\x00\x00\x00\x00\x00\x00\x00\x00\x00\x00\x00\x00\x00\x00\x00\x00\x00\x00\x00\x00\x00\x00\x00\x00\x00\x00\x00\x00\x00\x00\x00\x00\x00\x00\x00\x00\x00\x00\x00\x00\x00\x00\x00\x00\x00\x00\x00\x00\x00\x00\x00\x00\x00\x00\x00\x00\x00\x00\x00\x00\x00\x00\x00\x00\x00\x00\x00\x00\x00\x00\x00\x00\x00\x00\x00\x00\x00\x00\x00\x00\x00\x00\x00\x00\x00\x00\x00\x00\x00\x00\x00\x00\x00\x00\x00\x00\x00\x00\x00\x00\x00\x00\x00\x00\x00\x00\x00\x00\x00\x00\x00\x00\x00\x00\x00\x00\x00\x00\x00\x00\x00\x00\x00\x00\x00\x00\x00\x00\x00\x00\x00\x00\x00\x00\x00\x00\x00',
    3372: lambda target, proto: b'GET / HTTP/1.0\r\n\r\n',
    3386: lambda target, proto: b'N\x01\x00\x04\xde\xfe\xc8\x00',
    3388: lambda target, proto: b'\x03\x00\x00*%\xe0\x00\x00\x00\x00\x00Cookie: mstshash=nmap\r\n\x01\x00\x08\x00\x03\x00\x00\x00',
    3391: lambda target, proto: b'\x16\xfe\xff\x00\x00\x00\x00\x00\x00\x00\x00\x006\x01\x00\x00*\x00\x00\x00\x00\x00\x00\x00*\xfe\xfd\x00\x00\x00\x00|w@\x1e\x8a\xc8"\xa0\xa0\x18\xff\x93\x08\xca\xac\nd/\xc9"d\xbc\x08\xa8\x16\x89\x190\x00\x00\x00\x02\x00/\x01\x00',
    3401: lambda target, proto: b'0\x82\x00/\x02\x01\x00\x04\x06public\xa0\x82\x00 \x02\x04L3\xa7V\x02\x01\x00\x02\x01\x000\x82\x00\x100\x82\x00\x0c\x06\x08+\x06\x01\x02\x01\x01\x05\x00\x05\x00',
    3443: lambda target, proto: b'\x16\x03\x00\x00S\x01\x00\x00O\x03\x00?G\xd7\xf7\xba,\xee\xea\xb2`~\xf3\x00\xfd\x82{\xb9\xd5\x96\xc8w\x9b\xe6\xc4\xdb<=\xdbo\xef\x10n\x00\x00(\x00\x16\x00\x13\x00\n\x00f\x00\x05\x00\x04\x00e\x00d\x00c\x00b\x00a\x00`\x00\x15\x00\x12\x00\t\x00\x14\x00\x11\x00\x08\x00\x06\x00\x03\x01\x00',
    3478: lambda target, proto: b'\x00\x01\x00\x00!\x12\xa4B\x00\x00\x00\x00\x00\x00\x00\x00\x00\x00\x00\x00',
    3483: lambda target, proto: b'eIPAD\x00NAME\x00JSON\x00VERS\x00UUID\x00JVID\x06\x124Vx\x124',
    3493: lambda target, proto: b'HELP\r\n',
    3531: lambda target, proto: b'GET / HTTP/1.0\r\n\r\n',
    3632: lambda target, proto: b'DIST00000001ARGC00000005ARGV00000002ccARGV00000002-cARGV00000006nmap.cARGV00000002-oARGV00000006nmap.oDOTI00000000',
    3689: lambda target, proto: b'GET / HTTP/1.0\r\n\r\n',
    3784: lambda target, proto: b'\x01\xe7\xe5u1\xa3\x17\x0b!\xcf\xbf+\x99N\xdd\x19\xac\xde\x08_\x8b$\n\x11\x19\xb6so\xad(\x13\xd2\n\xb9\x12u',
    3790: lambda target, proto: b'GET /api HTTP/1.0\r\n\r\n',
    3872: lambda target, proto: b'GET / HTTP/1.0\r\n\r\n',
    3892: lambda target, proto: b'0\x84\x00\x00\x00-\x02\x01\x07c\x84\x00\x00\x00$\x04\x00\n\x01\x00\n\x01\x00\x02\x01\x00\x02\x01d\x01\x01\x00\x87\x0bobjectClass0\x84\x00\x00\x00\x00',
    3900: lambda target, proto: b'\x00\x00\x00\xa4\xffSMBr\x00\x00\x00\x00\x08\x01@\x00\x00\x00\x00\x00\x00\x00\x00\x00\x00\x00\x00\x00\x00@\x06\x00\x00\x01\x00\x00\x81\x00\x02PC NETWORK PROGRAM 1.0\x00\x02MICROSOFT NETWORKS 1.03\x00\x02MICROSOFT NETWORKS 3.0\x00\x02LANMAN1.0\x00\x02LM1.2X002\x00\x02Samba\x00\x02NT LANMAN 1.0\x00\x02NT LM 0.12\x00',
    3940: lambda target, proto: b'\r\n\r\n',
    4000: lambda target, proto: b'NXSH-5.6.7\n',
    4035: lambda target, proto: b'0\x0c\x02\x01\x01`\x07\x02\x01\x02\x04\x00\x80\x00',
    4045: lambda target, proto: b'\x80\x00\x00(r\xfe\x1d\x13\x00\x00\x00\x00\x00\x00\x00\x02\x00\x01\x86\xa0\x00\x01\x97|\x00\x00\x00\x00\x00\x00\x00\x00\x00\x00\x00\x00\x00\x00\x00\x00\x00\x00\x00\x00',
    4155: lambda target, proto: b'\r\n\r\n',
    4433: lambda target, proto: b'\x16\x03\x00\x00S\x01\x00\x00O\x03\x00?G\xd7\xf7\xba,\xee\xea\xb2`~\xf3\x00\xfd\x82{\xb9\xd5\x96\xc8w\x9b\xe6\xc4\xdb<=\xdbo\xef\x10n\x00\x00(\x00\x16\x00\x13\x00\n\x00f\x00\x05\x00\x04\x00e\x00d\x00c\x00b\x00a\x00`\x00\x15\x00\x12\x00\t\x00\x14\x00\x11\x00\x08\x00\x06\x00\x03\x01\x00',
    4443: lambda target, proto: b'\x16\x03\x00\x00S\x01\x00\x00O\x03\x00?G\xd7\xf7\xba,\xee\xea\xb2`~\xf3\x00\xfd\x82{\xb9\xd5\x96\xc8w\x9b\xe6\xc4\xdb<=\xdbo\xef\x10n\x00\x00(\x00\x16\x00\x13\x00\n\x00f\x00\x05\x00\x04\x00e\x00d\x00c\x00b\x00a\x00`\x00\x15\x00\x12\x00\t\x00\x14\x00\x11\x00\x08\x00\x06\x00\x03\x01\x00',
    4444: lambda target, proto: b'\x16\x03\x00\x00S\x01\x00\x00O\x03\x00?G\xd7\xf7\xba,\xee\xea\xb2`~\xf3\x00\xfd\x82{\xb9\xd5\x96\xc8w\x9b\xe6\xc4\xdb<=\xdbo\xef\x10n\x00\x00(\x00\x16\x00\x13\x00\n\x00f\x00\x05\x00\x04\x00e\x00d\x00c\x00b\x00a\x00`\x00\x15\x00\x12\x00\t\x00\x14\x00\x11\x00\x08\x00\x06\x00\x03\x01\x00',
    4533: lambda target, proto: b'get_info\n',
    4567: lambda target, proto: b'GET / HTTP/1.0\r\n\r\n',
    4660: lambda target, proto: b'GET / HTTP/1.0\r\n\r\n',
    4665: lambda target, proto: b'\xe4`',
    4666: lambda target, proto: b'\xe4`',
    4672: lambda target, proto: b'\xe4`',
    4711: lambda target, proto: b'>version\n',
    4740: lambda target, proto: b'\x16\xfe\xff\x00\x00\x00\x00\x00\x00\x00\x00\x006\x01\x00\x00*\x00\x00\x00\x00\x00\x00\x00*\xfe\xfd\x00\x00\x00\x00|w@\x1e\x8a\xc8"\xa0\xa0\x18\xff\x93\x08\xca\xac\nd/\xc9"d\xbc\x08\xa8\x16\x89\x190\x00\x00\x00\x02\x00/\x01\x00',
    4899: lambda target, proto: b'\x01\x00\x00\x00\x01\x00\x00\x00\x08\x08',
    4911: lambda target, proto: b'\x16\x03\x00\x00S\x01\x00\x00O\x03\x00?G\xd7\xf7\xba,\xee\xea\xb2`~\xf3\x00\xfd\x82{\xb9\xd5\x96\xc8w\x9b\xe6\xc4\xdb<=\xdbo\xef\x10n\x00\x00(\x00\x16\x00\x13\x00\n\x00f\x00\x05\x00\x04\x00e\x00d\x00c\x00b\x00a\x00`\x00\x15\x00\x12\x00\t\x00\x14\x00\x11\x00\x08\x00\x06\x00\x03\x01\x00',
    4999: lambda target, proto: b'\x80\x00\x00(r\xfe\x1d\x13\x00\x00\x00\x00\x00\x00\x00\x02\x00\x01\x86\xa0\x00\x01\x97|\x00\x00\x00\x00\x00\x00\x00\x00\x00\x00\x00\x00\x00\x00\x00\x00\x00\x00\x00\x00',
    5002: lambda target, proto: b'\x00\x00\x00\x1f\x00\x00\x00\x00\x00\x00\x00\x0cGetClassName\x00\x00\x00\x02\x04\x00\x00\x00\x00\x01\x00',
    5008: lambda target, proto: b'\x00@P\x00\x00\x00\x00\x85]\xb4\x91(\x00\x00\x00\x00\x00\x01|\x91@\x00\x00\x00\xaa9\xdaB7e\xcf\x01\x00\x00\x00\x00\x00\x00\x00\x00\x00\x00\x00\x00\x00\x00\x00\x00\x00\x00\x00\x00\x00\x00\x00\x00\x00\x00\x00\x00\x00\x00\x00\x00',
    5009: lambda target, proto: b'\x00\x00\x00\xa4\xffSMBr\x00\x00\x00\x00\x08\x01@\x00\x00\x00\x00\x00\x00\x00\x00\x00\x00\x00\x00\x00\x00@\x06\x00\x00\x01\x00\x00\x81\x00\x02PC NETWORK PROGRAM 1.0\x00\x02MICROSOFT NETWORKS 1.03\x00\x02MICROSOFT NETWORKS 3.0\x00\x02LANMAN1.0\x00\x02LM1.2X002\x00\x02Samba\x00\x02NT LANMAN 1.0\x00\x02NT LM 0.12\x00',
    5201: lambda target, proto: b'0000000000000000000000000000000000000\x00\x00\x00\x00',
    5222: lambda target, proto: b'GET / HTTP/1.0\r\n\r\n',
    5232: lambda target, proto: b'OPTIONS / HTTP/1.0\r\n\r\n',
    5269: lambda target, proto: b'GET / HTTP/1.0\r\n\r\n',
    5280: lambda target, proto: b'GET / HTTP/1.0\r\n\r\n',
    5302: lambda target, proto: b'l\x00\x0b\x00\x00\x00\x00\x00\x00\x00\x00\x00',
    5323: lambda target, proto: b'\x00\x1e\x00\x06\x01\x00\x00\x01\x00\x00\x00\x00\x00\x00\x07version\x04bind\x00\x00\x10\x00\x03',
    5349: lambda target, proto: b'\x16\x03\x00\x00S\x01\x00\x00O\x03\x00?G\xd7\xf7\xba,\xee\xea\xb2`~\xf3\x00\xfd\x82{\xb9\xd5\x96\xc8w\x9b\xe6\xc4\xdb<=\xdbo\xef\x10n\x00\x00(\x00\x16\x00\x13\x00\n\x00f\x00\x05\x00\x04\x00e\x00d\x00c\x00b\x00a\x00`\x00\x15\x00\x12\x00\t\x00\x14\x00\x11\x00\x08\x00\x06\x00\x03\x01\x00',
    5351: lambda target, proto: b'\x00\x00',
    5400: lambda target, proto: b'\r\n\r\n',
    5427: lambda target, proto: b'GET / HTTP/1.0\r\n\r\n',
    5443: lambda target, proto: b'\x16\x03\x00\x00S\x01\x00\x00O\x03\x00?G\xd7\xf7\xba,\xee\xea\xb2`~\xf3\x00\xfd\x82{\xb9\xd5\x96\xc8w\x9b\xe6\xc4\xdb<=\xdbo\xef\x10n\x00\x00(\x00\x16\x00\x13\x00\n\x00f\x00\x05\x00\x04\x00e\x00d\x00c\x00b\x00a\x00`\x00\x15\x00\x12\x00\t\x00\x14\x00\x11\x00\x08\x00\x06\x00\x03\x01\x00',
    5520: lambda target, proto: b'\x00\x1e\x00\x06\x01\x00\x00\x01\x00\x00\x00\x00\x00\x00\x07version\x04bind\x00\x00\x10\x00\x03',
    5521: lambda target, proto: b'JRMI\x00\x02K',
    5530: lambda target, proto: b'\x00\x1e\x00\x06\x01\x00\x00\x01\x00\x00\x00\x00\x00\x00\x07version\x04bind\x00\x00\x10\x00\x03',
    5550: lambda target, proto: b'\x16\x03\x00\x00S\x01\x00\x00O\x03\x00?G\xd7\xf7\xba,\xee\xea\xb2`~\xf3\x00\xfd\x82{\xb9\xd5\x96\xc8w\x9b\xe6\xc4\xdb<=\xdbo\xef\x10n\x00\x00(\x00\x16\x00\x13\x00\n\x00f\x00\x05\x00\x04\x00e\x00d\x00c\x00b\x00a\x00`\x00\x15\x00\x12\x00\t\x00\x14\x00\x11\x00\x08\x00\x06\x00\x03\x01\x00',
    5555: lambda target, proto: b'\x00\x1e\x00\x06\x01\x00\x00\x01\x00\x00\x00\x00\x00\x00\x07version\x04bind\x00\x00\x10\x00\x03',
    5556: lambda target, proto: b'\x00\x1e\x00\x06\x01\x00\x00\x01\x00\x00\x00\x00\x00\x00\x07version\x04bind\x00\x00\x10\x00\x03',
    5570: lambda target, proto: b'\r\n\r\n',
    5600: lambda target, proto: b'\x00\x00\x00\xa4\xffSMBr\x00\x00\x00\x00\x08\x01@\x00\x00\x00\x00\x00\x00\x00\x00\x00\x00\x00\x00\x00\x00@\x06\x00\x00\x01\x00\x00\x81\x00\x02PC NETWORK PROGRAM 1.0\x00\x02MICROSOFT NETWORKS 1.03\x00\x02MICROSOFT NETWORKS 3.0\x00\x02LANMAN1.0\x00\x02LM1.2X002\x00\x02Samba\x00\x02NT LANMAN 1.0\x00\x02NT LM 0.12\x00',
    5632: lambda target, proto: b'NQ',
    5684: lambda target, proto: b'@\x01\x01\xce\xbb.well-known\x04core',
    5701: lambda target, proto: b'GET /hazelcast/rest/cluster HTTP/1.0\r\n\r\n\r\n',
    5702: lambda target, proto: b'GET /hazelcast/rest/cluster HTTP/1.0\r\n\r\n\r\n',
    5703: lambda target, proto: b'GET /hazelcast/rest/cluster HTTP/1.0\r\n\r\n\r\n',
    5704: lambda target, proto: b'GET /hazelcast/rest/cluster HTTP/1.0\r\n\r\n\r\n',
    5705: lambda target, proto: b'GET /hazelcast/rest/cluster HTTP/1.0\r\n\r\n\r\n',
    5706: lambda target, proto: b'GET /hazelcast/rest/cluster HTTP/1.0\r\n\r\n\r\n',
    5707: lambda target, proto: b'GET /hazelcast/rest/cluster HTTP/1.0\r\n\r\n\r\n',
    5708: lambda target, proto: b'GET /hazelcast/rest/cluster HTTP/1.0\r\n\r\n\r\n',
    5709: lambda target, proto: b'TNMP\x04\x00\x00\x00TNME\x00\x00\x04\x00',
    5800: lambda target, proto: b'GET / HTTP/1.0\r\n\r\n',
    5801: lambda target, proto: b'GET / HTTP/1.0\r\n\r\n',
    5802: lambda target, proto: b'GET / HTTP/1.0\r\n\r\n',
    5803: lambda target, proto: b'GET / HTTP/1.0\r\n\r\n',
    5868: lambda target, proto: b'\x16\x03\x00\x00S\x01\x00\x00O\x03\x00?G\xd7\xf7\xba,\xee\xea\xb2`~\xf3\x00\xfd\x82{\xb9\xd5\x96\xc8w\x9b\xe6\xc4\xdb<=\xdbo\xef\x10n\x00\x00(\x00\x16\x00\x13\x00\n\x00f\x00\x05\x00\x04\x00e\x00d\x00c\x00b\x00a\x00`\x00\x15\x00\x12\x00\t\x00\x14\x00\x11\x00\x08\x00\x06\x00\x03\x01\x00',
    5999: lambda target, proto: b'JRMI\x00\x02K',
    6001: lambda target, proto: b'l\x00\x0b\x00\x00\x00\x00\x00\x00\x00\x00\x00',
    6002: lambda target, proto: b'l\x00\x0b\x00\x00\x00\x00\x00\x00\x00\x00\x00',
    6003: lambda target, proto: b'l\x00\x0b\x00\x00\x00\x00\x00\x00\x00\x00\x00',
    6004: lambda target, proto: b'l\x00\x0b\x00\x00\x00\x00\x00\x00\x00\x00\x00',
    6005: lambda target, proto: b'l\x00\x0b\x00\x00\x00\x00\x00\x00\x00\x00\x00',
    6006: lambda target, proto: b'l\x00\x0b\x00\x00\x00\x00\x00\x00\x00\x00\x00',
    6007: lambda target, proto: b'l\x00\x0b\x00\x00\x00\x00\x00\x00\x00\x00\x00',
    6008: lambda target, proto: b'l\x00\x0b\x00\x00\x00\x00\x00\x00\x00\x00\x00',
    6009: lambda target, proto: b'l\x00\x0b\x00\x00\x00\x00\x00\x00\x00\x00\x00',
    6010: lambda target, proto: b'l\x00\x0b\x00\x00\x00\x00\x00\x00\x00\x00\x00',
    6011: lambda target, proto: b'l\x00\x0b\x00\x00\x00\x00\x00\x00\x00\x00\x00',
    6012: lambda target, proto: b'l\x00\x0b\x00\x00\x00\x00\x00\x00\x00\x00\x00',
    6013: lambda target, proto: b'l\x00\x0b\x00\x00\x00\x00\x00\x00\x00\x00\x00',
    6014: lambda target, proto: b'l\x00\x0b\x00\x00\x00\x00\x00\x00\x00\x00\x00',
    6015: lambda target, proto: b'l\x00\x0b\x00\x00\x00\x00\x00\x00\x00\x00\x00',
    6016: lambda target, proto: b'l\x00\x0b\x00\x00\x00\x00\x00\x00\x00\x00\x00',
    6017: lambda target, proto: b'l\x00\x0b\x00\x00\x00\x00\x00\x00\x00\x00\x00',
    6018: lambda target, proto: b'l\x00\x0b\x00\x00\x00\x00\x00\x00\x00\x00\x00',
    6019: lambda target, proto: b'l\x00\x0b\x00\x00\x00\x00\x00\x00\x00\x00\x00',
    6020: lambda target, proto: b'l\x00\x0b\x00\x00\x00\x00\x00\x00\x00\x00\x00',
    6050: lambda target, proto: b'\x00\x0c\x00\x00\x10\x00\x00\x00\x00\x00\x00\x00\x00\x00',
    6060: lambda target, proto: b'JRMI\x00\x02K',
    6103: lambda target, proto: b'GET / HTTP/1.0\r\n\r\n',
    6112: lambda target, proto: b'\r\n\r\n',
    6163: lambda target, proto: b'HELP\n\n\x00',
    6251: lambda target, proto: b'\x16\x03\x00\x00S\x01\x00\x00O\x03\x00?G\xd7\xf7\xba,\xee\xea\xb2`~\xf3\x00\xfd\x82{\xb9\xd5\x96\xc8w\x9b\xe6\xc4\xdb<=\xdbo\xef\x10n\x00\x00(\x00\x16\x00\x13\x00\n\x00f\x00\x05\x00\x04\x00e\x00d\x00c\x00b\x00a\x00`\x00\x15\x00\x12\x00\t\x00\x14\x00\x11\x00\x08\x00\x06\x00\x03\x01\x00',
    6346: lambda target, proto: b'GET / HTTP/1.0\r\n\r\n',
    6380: lambda target, proto: b'\x16\x03\x00\x00S\x01\x00\x00O\x03\x00?G\xd7\xf7\xba,\xee\xea\xb2`~\xf3\x00\xfd\x82{\xb9\xd5\x96\xc8w\x9b\xe6\xc4\xdb<=\xdbo\xef\x10n\x00\x00(\x00\x16\x00\x13\x00\n\x00f\x00\x05\x00\x04\x00e\x00d\x00c\x00b\x00a\x00`\x00\x15\x00\x12\x00\t\x00\x14\x00\x11\x00\x08\x00\x06\x00\x03\x01\x00',
    6429: lambda target, proto: b'\xe4`',
    6432: lambda target, proto: b'\r\n\r\n',
    6481: lambda target, proto: b'[PROBE] 0000',
    6514: lambda target, proto: b'\x16\xfe\xff\x00\x00\x00\x00\x00\x00\x00\x00\x006\x01\x00\x00*\x00\x00\x00\x00\x00\x00\x00*\xfe\xfd\x00\x00\x00\x00|w@\x1e\x8a\xc8"\xa0\xa0\x18\xff\x93\x08\xca\xac\nd/\xc9"d\xbc\x08\xa8\x16\x89\x190\x00\x00\x00\x02\x00/\x01\x00',
    6543: lambda target, proto: b'\x00\x1e\x00\x06\x01\x00\x00\x01\x00\x00\x00\x00\x00\x00\x07version\x04bind\x00\x00\x10\x00\x03',
    6544: lambda target, proto: b'GET / HTTP/1.0\r\n\r\n',
    6560: lambda target, proto: b'HELP\r\n',
    6588: lambda target, proto: b'\x05\x04\x00\x01\x02\x80\x05\x01\x00\x03\ngoogle.com\x00PGET / HTTP/1.0\r\n\r\n',
    6600: lambda target, proto: b'GET / HTTP/1.0\r\n\r\n',
    6636: lambda target, proto: b'\x16\xfe\xff\x00\x00\x00\x00\x00\x00\x00\x00\x006\x01\x00\x00*\x00\x00\x00\x00\x00\x00\x00*\xfe\xfd\x00\x00\x00\x00|w@\x1e\x8a\xc8"\xa0\xa0\x18\xff\x93\x08\xca\xac\nd/\xc9"d\xbc\x08\xa8\x16\x89\x190\x00\x00\x00\x02\x00/\x01\x00',
    6660: lambda target, proto: b'\x05\x04\x00\x01\x02\x80\x05\x01\x00\x03\ngoogle.com\x00PGET / HTTP/1.0\r\n\r\n',
    6661: lambda target, proto: b'\x05\x04\x00\x01\x02\x80\x05\x01\x00\x03\ngoogle.com\x00PGET / HTTP/1.0\r\n\r\n',
    6662: lambda target, proto: b'\x05\x04\x00\x01\x02\x80\x05\x01\x00\x03\ngoogle.com\x00PGET / HTTP/1.0\r\n\r\n',
    6663: lambda target, proto: b'\x05\x04\x00\x01\x02\x80\x05\x01\x00\x03\ngoogle.com\x00PGET / HTTP/1.0\r\n\r\n',
    6664: lambda target, proto: b'\x05\x04\x00\x01\x02\x80\x05\x01\x00\x03\ngoogle.com\x00PGET / HTTP/1.0\r\n\r\n',
    6665: lambda target, proto: b'\x05\x04\x00\x01\x02\x80\x05\x01\x00\x03\ngoogle.com\x00PGET / HTTP/1.0\r\n\r\n',
    6668: lambda target, proto: b'\x05\x04\x00\x01\x02\x80\x05\x01\x00\x03\ngoogle.com\x00PGET / HTTP/1.0\r\n\r\n',
    6669: lambda target, proto: b'\x05\x04\x00\x01\x02\x80\x05\x01\x00\x03\ngoogle.com\x00PGET / HTTP/1.0\r\n\r\n',
    6670: lambda target, proto: b'\r\n\r\n',
    6679: lambda target, proto: b'\x16\x03\x00\x00S\x01\x00\x00O\x03\x00?G\xd7\xf7\xba,\xee\xea\xb2`~\xf3\x00\xfd\x82{\xb9\xd5\x96\xc8w\x9b\xe6\xc4\xdb<=\xdbo\xef\x10n\x00\x00(\x00\x16\x00\x13\x00\n\x00f\x00\x05\x00\x04\x00e\x00d\x00c\x00b\x00a\x00`\x00\x15\x00\x12\x00\t\x00\x14\x00\x11\x00\x08\x00\x06\x00\x03\x01\x00',
    6697: lambda target, proto: b'\x16\x03\x00\x00S\x01\x00\x00O\x03\x00?G\xd7\xf7\xba,\xee\xea\xb2`~\xf3\x00\xfd\x82{\xb9\xd5\x96\xc8w\x9b\xe6\xc4\xdb<=\xdbo\xef\x10n\x00\x00(\x00\x16\x00\x13\x00\n\x00f\x00\x05\x00\x04\x00e\x00d\x00c\x00b\x00a\x00`\x00\x15\x00\x12\x00\t\x00\x14\x00\x11\x00\x08\x00\x06\x00\x03\x01\x00',
    6699: lambda target, proto: b'GET / HTTP/1.0\r\n\r\n',
    6715: lambda target, proto: b'CONNECT01 v09\n',
    6789: lambda target, proto: b'JRMI\x00\x02K',
    6802: lambda target, proto: b'DmdT\x00\x00\x00\x17\x00\x00\x00\x01\x00\x00\x00\x00\x11\x11\x00\xff\x01\xff\x13',
    6969: lambda target, proto: b'GET / HTTP/1.0\r\n\r\n',
    6996: lambda target, proto: b'JRMI\x00\x02K',
    7002: lambda target, proto: b'GET / HTTP/1.0\r\n\r\n',
    7007: lambda target, proto: b'GET / HTTP/1.0\r\n\r\n',
    7008: lambda target, proto: b'\x00\x1e\x00\x06\x01\x00\x00\x01\x00\x00\x00\x00\x00\x00\x07version\x04bind\x00\x00\x10\x00\x03',
    7100: lambda target, proto: b'l\x00\x0b\x00\x00\x00\x00\x00\x00\x00\x00\x00',
    7101: lambda target, proto: b'l\x00\x0b\x00\x00\x00\x00\x00\x00\x00\x00\x00',
    7144: lambda target, proto: b'\r\n\r\n',
    7145: lambda target, proto: b'\r\n\r\n',
    7171: lambda target, proto: b':\x00\x00\x00/\x00\x00\x00\x02\x00\x00@\x02\x0f\x00\x01\x00=\x05\x00\x00\x00\x00\x00\x00\x00\x00\x00\x00\x00\x00/\x00\x00\x00\x00\x00\x00\x00\x00\x00@\x1f\x00\x00\x00\x00\x00\x00\x00\x00\x00\x00\x00\x00\x00\x00\x00\x00\x00',
    7200: lambda target, proto: b'\r\n\r\n',
    7210: lambda target, proto: b'\x16\x03\x00\x00S\x01\x00\x00O\x03\x00?G\xd7\xf7\xba,\xee\xea\xb2`~\xf3\x00\xfd\x82{\xb9\xd5\x96\xc8w\x9b\xe6\xc4\xdb<=\xdbo\xef\x10n\x00\x00(\x00\x16\x00\x13\x00\n\x00f\x00\x05\x00\x04\x00e\x00d\x00c\x00b\x00a\x00`\x00\x15\x00\x12\x00\t\x00\x14\x00\x11\x00\x08\x00\x06\x00\x03\x01\x00',
    7272: lambda target, proto: b'\x16\x03\x00\x00S\x01\x00\x00O\x03\x00?G\xd7\xf7\xba,\xee\xea\xb2`~\xf3\x00\xfd\x82{\xb9\xd5\x96\xc8w\x9b\xe6\xc4\xdb<=\xdbo\xef\x10n\x00\x00(\x00\x16\x00\x13\x00\n\x00f\x00\x05\x00\x04\x00e\x00d\x00c\x00b\x00a\x00`\x00\x15\x00\x12\x00\t\x00\x14\x00\x11\x00\x08\x00\x06\x00\x03\x01\x00',
    7402: lambda target, proto: b'GET / HTTP/1.0\r\n\r\n',
    7443: lambda target, proto: b'\x16\x03\x00\x00S\x01\x00\x00O\x03\x00?G\xd7\xf7\xba,\xee\xea\xb2`~\xf3\x00\xfd\x82{\xb9\xd5\x96\xc8w\x9b\xe6\xc4\xdb<=\xdbo\xef\x10n\x00\x00(\x00\x16\x00\x13\x00\n\x00f\x00\x05\x00\x04\x00e\x00d\x00c\x00b\x00a\x00`\x00\x15\x00\x12\x00\t\x00\x14\x00\x11\x00\x08\x00\x06\x00\x03\x01\x00',
    7461: lambda target, proto: b'\x00\x00\x00\xa4\xffSMBr\x00\x00\x00\x00\x08\x01@\x00\x00\x00\x00\x00\x00\x00\x00\x00\x00\x00\x00\x00\x00@\x06\x00\x00\x01\x00\x00\x81\x00\x02PC NETWORK PROGRAM 1.0\x00\x02MICROSOFT NETWORKS 1.03\x00\x02MICROSOFT NETWORKS 3.0\x00\x02LANMAN1.0\x00\x02LM1.2X002\x00\x02Samba\x00\x02NT LANMAN 1.0\x00\x02NT LM 0.12\x00',
    7700: lambda target, proto: b'JRMI\x00\x02K',
    7776: lambda target, proto: b'GET / HTTP/1.0\r\n\r\n',
    7777: lambda target, proto: b'l\x00\x0b\x00\x00\x00\x00\x00\x00\x00\x00\x00',
    7780: lambda target, proto: b'\r\n\r\n',
    7800: lambda target, proto: b'JRMI\x00\x02K',
    7801: lambda target, proto: b'JRMI\x00\x02K',
    7878: lambda target, proto: b'JRMI\x00\x02K',
    7887: lambda target, proto: b'init\noff all\non identity version\nsend\nquit\n',
    7890: lambda target, proto: b'JRMI\x00\x02K',
    8001: lambda target, proto: b'GET /nice%20ports%2C/Tri%6Eity.txt%2ebak HTTP/1.0\r\n\r\n',
    8002: lambda target, proto: b'GET /nice%20ports%2C/Tri%6Eity.txt%2ebak HTTP/1.0\r\n\r\n',
    8003: lambda target, proto: b'GET /nice%20ports%2C/Tri%6Eity.txt%2ebak HTTP/1.0\r\n\r\n',
    8004: lambda target, proto: b'GET /nice%20ports%2C/Tri%6Eity.txt%2ebak HTTP/1.0\r\n\r\n',
    8005: lambda target, proto: b'GET /nice%20ports%2C/Tri%6Eity.txt%2ebak HTTP/1.0\r\n\r\n',
    8006: lambda target, proto: b'GET /nice%20ports%2C/Tri%6Eity.txt%2ebak HTTP/1.0\r\n\r\n',
    8007: lambda target, proto: b'GET /nice%20ports%2C/Tri%6Eity.txt%2ebak HTTP/1.0\r\n\r\n',
    8008: lambda target, proto: b'GET /nice%20ports%2C/Tri%6Eity.txt%2ebak HTTP/1.0\r\n\r\n',
    8050: lambda target, proto: b'JRMI\x00\x02K',
    8051: lambda target, proto: b'JRMI\x00\x02K',
    8083: lambda target, proto: b'GET /nice%20ports%2C/Tri%6Eity.txt%2ebak HTTP/1.0\r\n\r\n',
    8084: lambda target, proto: b'GET /nice%20ports%2C/Tri%6Eity.txt%2ebak HTTP/1.0\r\n\r\n',
    8085: lambda target, proto: b'GET /nice%20ports%2C/Tri%6Eity.txt%2ebak HTTP/1.0\r\n\r\n',
    8087: lambda target, proto: b'\x00\x00\x00\x01\x07',
    8088: lambda target, proto: b'\x05\x04\x00\x01\x02\x80\x05\x01\x00\x03\ngoogle.com\x00PGET / HTTP/1.0\r\n\r\n',
    8091: lambda target, proto: b'JRMI\x00\x02K',
    8118: lambda target, proto: b'GET / HTTP/1.0\r\n\r\n',
    8138: lambda target, proto: b'\r\n\r\n',
    8181: lambda target, proto: b'\x16\x03\x00\x00S\x01\x00\x00O\x03\x00?G\xd7\xf7\xba,\xee\xea\xb2`~\xf3\x00\xfd\x82{\xb9\xd5\x96\xc8w\x9b\xe6\xc4\xdb<=\xdbo\xef\x10n\x00\x00(\x00\x16\x00\x13\x00\n\x00f\x00\x05\x00\x04\x00e\x00d\x00c\x00b\x00a\x00`\x00\x15\x00\x12\x00\t\x00\x14\x00\x11\x00\x08\x00\x06\x00\x03\x01\x00',
    8194: lambda target, proto: b'\x16\x03\x00\x00S\x01\x00\x00O\x03\x00?G\xd7\xf7\xba,\xee\xea\xb2`~\xf3\x00\xfd\x82{\xb9\xd5\x96\xc8w\x9b\xe6\xc4\xdb<=\xdbo\xef\x10n\x00\x00(\x00\x16\x00\x13\x00\n\x00f\x00\x05\x00\x04\x00e\x00d\x00c\x00b\x00a\x00`\x00\x15\x00\x12\x00\t\x00\x14\x00\x11\x00\x08\x00\x06\x00\x03\x01\x00',
    8205: lambda target, proto: b'JRMI\x00\x02K',
    8232: lambda target, proto: b'\x16\xfe\xff\x00\x00\x00\x00\x00\x00\x00\x00\x006\x01\x00\x00*\x00\x00\x00\x00\x00\x00\x00*\xfe\xfd\x00\x00\x00\x00|w@\x1e\x8a\xc8"\xa0\xa0\x18\xff\x93\x08\xca\xac\nd/\xc9"d\xbc\x08\xa8\x16\x89\x190\x00\x00\x00\x02\x00/\x01\x00',
    8303: lambda target, proto: b'JRMI\x00\x02K',
    8307: lambda target, proto: b'\x80\x00\x00(r\xfe\x1d\x13\x00\x00\x00\x00\x00\x00\x00\x02\x00\x01\x86\xa0\x00\x01\x97|\x00\x00\x00\x00\x00\x00\x00\x00\x00\x00\x00\x00\x00\x00\x00\x00\x00\x00\x00\x00',
    8530: lambda target, proto: b'GET / HTTP/1.0\r\n\r\n',
    8531: lambda target, proto: b'\x16\x03\x00\x00S\x01\x00\x00O\x03\x00?G\xd7\xf7\xba,\xee\xea\xb2`~\xf3\x00\xfd\x82{\xb9\xd5\x96\xc8w\x9b\xe6\xc4\xdb<=\xdbo\xef\x10n\x00\x00(\x00\x16\x00\x13\x00\n\x00f\x00\x05\x00\x04\x00e\x00d\x00c\x00b\x00a\x00`\x00\x15\x00\x12\x00\t\x00\x14\x00\x11\x00\x08\x00\x06\x00\x03\x01\x00',
    8642: lambda target, proto: b'JRMI\x00\x02K',
    8686: lambda target, proto: b'JRMI\x00\x02K',
    8701: lambda target, proto: b'JRMI\x00\x02K',
    8728: lambda target, proto: b':\x00\x00\x00/\x00\x00\x00\x02\x00\x00@\x02\x0f\x00\x01\x00=\x05\x00\x00\x00\x00\x00\x00\x00\x00\x00\x00\x00\x00/\x00\x00\x00\x00\x00\x00\x00\x00\x00@\x1f\x00\x00\x00\x00\x00\x00\x00\x00\x00\x00\x00\x00\x00\x00\x00\x00\x00',
    8767: lambda target, proto: b'\xf4\xbe\x03\x00\x00\x00\x00\x00\x00\x00\x00\x00\x01\x00\x00\x002x\xba\x85\tTeamSpeak\x00\x00\x00\x00\x00\x00\x00\x00\x00\x00\x00\x00\x00\x00\x00\x00\x00\x00\x00\x00\nWindows XP\x00\x00\x00\x00\x00\x00\x00\x00\x00\x00\x00\x00\x00\x00\x00\x00\x00\x00\x00\x02\x00\x00\x00 \x00<\x00\x00\x01\x00\x00\x00\x00\x00\x00\x00\x00\x00\x00\x00\x00\x00\x00\x00\x00\x00\x00\x00\x00\x00\x00\x00\x00\x00\x00\x00\x00\x00\x00\x00\x00\x00\x00\x00\x00\x00\x00\x00\x00\x00\x00\x00\x00\x00\x00\x00\x00\x00\x00\x00\x00\x00\x00\x00\x00\x00\x00\x00\x00\x08nickname\x00\x00\x00\x00\x00\x00\x00\x00\x00\x00\x00\x00\x00\x00\x00\x00\x00\x00\x00\x00\x00',
    8770: lambda target, proto: b'GET /server-info HTTP/1.1\r\nClient-DPAP-Version: 1.1\r\nUser-Agent: iPhoto/9.1.1  (Macintosh; N; PPC)\r\n\r\n',
    8881: lambda target, proto: b'GET /nice%20ports%2C/Tri%6Eity.txt%2ebak HTTP/1.0\r\n\r\n',
    8882: lambda target, proto: b'GET /nice%20ports%2C/Tri%6Eity.txt%2ebak HTTP/1.0\r\n\r\n',
    8883: lambda target, proto: b'\x16\x03\x00\x00S\x01\x00\x00O\x03\x00?G\xd7\xf7\xba,\xee\xea\xb2`~\xf3\x00\xfd\x82{\xb9\xd5\x96\xc8w\x9b\xe6\xc4\xdb<=\xdbo\xef\x10n\x00\x00(\x00\x16\x00\x13\x00\n\x00f\x00\x05\x00\x04\x00e\x00d\x00c\x00b\x00a\x00`\x00\x15\x00\x12\x00\t\x00\x14\x00\x11\x00\x08\x00\x06\x00\x03\x01\x00',
    8884: lambda target, proto: b'GET /nice%20ports%2C/Tri%6Eity.txt%2ebak HTTP/1.0\r\n\r\n',
    8885: lambda target, proto: b'GET /nice%20ports%2C/Tri%6Eity.txt%2ebak HTTP/1.0\r\n\r\n',
    8886: lambda target, proto: b'GET /nice%20ports%2C/Tri%6Eity.txt%2ebak HTTP/1.0\r\n\r\n',
    8887: lambda target, proto: b'GET /nice%20ports%2C/Tri%6Eity.txt%2ebak HTTP/1.0\r\n\r\n',
    8888: lambda target, proto: b'GET /nice%20ports%2C/Tri%6Eity.txt%2ebak HTTP/1.0\r\n\r\n',
    8889: lambda target, proto: b'JRMI\x00\x02K',
    8890: lambda target, proto: b'JRMI\x00\x02K',
    8901: lambda target, proto: b'JRMI\x00\x02K',
    8902: lambda target, proto: b'JRMI\x00\x02K',
    8903: lambda target, proto: b'JRMI\x00\x02K',
    8999: lambda target, proto: b'JRMI\x00\x02K',
    9002: lambda target, proto: b'\x00\x00\x07\x00\x08\x00\x03\x00\x04\x00\x05\x00\x06',
    9003: lambda target, proto: b'JRMI\x00\x02K',
    9004: lambda target, proto: b'JRMI\x00\x02K',
    9005: lambda target, proto: b'JRMI\x00\x02K',
    9030: lambda target, proto: b'GET / HTTP/1.0\r\n\r\n',
    9050: lambda target, proto: b'JRMI\x00\x02K',
    9080: lambda target, proto: b'GET / HTTP/1.0\r\n\r\n',
    9088: lambda target, proto: b'\x00\x94\x01<\x00\x00\x00d\x00e\x00\x00\x00=\x00\x06IEEEM\x00\x00lsqlexec\x00\x00\x00\x00\x00\x00\x069.280\x00\x00\x0cRDS#R000000\x00\x00\x05sqli\x00\x00\x00\x013\x00\x00\x00\x00\x00\x00\x00\x00\x00\x01\x00\x05nmap\x00\x00\x05nmap\x00ol\x00\x00\x00\x00\x00\x00\x00\x00\x00=tlitcp\x00\x00\x00\x00\x00\x01\x00h\x00\x0b\x00\x00\x00\x03\x00\x05nmap\x00\x00\x00\x00\x00\x00\x00\x00\x00\x00\x00\x00j\x00\x00\x00\x7f',
    9089: lambda target, proto: b'\x00\x94\x01<\x00\x00\x00d\x00e\x00\x00\x00=\x00\x06IEEEM\x00\x00lsqlexec\x00\x00\x00\x00\x00\x00\x069.280\x00\x00\x0cRDS#R000000\x00\x00\x05sqli\x00\x00\x00\x013\x00\x00\x00\x00\x00\x00\x00\x00\x00\x01\x00\x05nmap\x00\x00\x05nmap\x00ol\x00\x00\x00\x00\x00\x00\x00\x00\x00=tlitcp\x00\x00\x00\x00\x00\x01\x00h\x00\x0b\x00\x00\x00\x03\x00\x05nmap\x00\x00\x00\x00\x00\x00\x00\x00\x00\x00\x00\x00j\x00\x00\x00\x7f',
    9094: lambda target, proto: b'\x00\x94\x01<\x00\x00\x00d\x00e\x00\x00\x00=\x00\x06IEEEM\x00\x00lsqlexec\x00\x00\x00\x00\x00\x00\x069.280\x00\x00\x0cRDS#R000000\x00\x00\x05sqli\x00\x00\x00\x013\x00\x00\x00\x00\x00\x00\x00\x00\x00\x01\x00\x05nmap\x00\x00\x05nmap\x00ol\x00\x00\x00\x00\x00\x00\x00\x00\x00=tlitcp\x00\x00\x00\x00\x00\x01\x00h\x00\x0b\x00\x00\x00\x03\x00\x05nmap\x00\x00\x00\x00\x00\x00\x00\x00\x00\x00\x00\x00j\x00\x00\x00\x7f',
    9095: lambda target, proto: b'\x00\x94\x01<\x00\x00\x00d\x00e\x00\x00\x00=\x00\x06IEEEM\x00\x00lsqlexec\x00\x00\x00\x00\x00\x00\x069.280\x00\x00\x0cRDS#R000000\x00\x00\x05sqli\x00\x00\x00\x013\x00\x00\x00\x00\x00\x00\x00\x00\x00\x01\x00\x05nmap\x00\x00\x05nmap\x00ol\x00\x00\x00\x00\x00\x00\x00\x00\x00=tlitcp\x00\x00\x00\x00\x00\x01\x00h\x00\x0b\x00\x00\x00\x03\x00\x05nmap\x00\x00\x00\x00\x00\x00\x00\x00\x00\x00\x00\x00j\x00\x00\x00\x7f',
    9096: lambda target, proto: b'\x00\x94\x01<\x00\x00\x00d\x00e\x00\x00\x00=\x00\x06IEEEM\x00\x00lsqlexec\x00\x00\x00\x00\x00\x00\x069.280\x00\x00\x0cRDS#R000000\x00\x00\x05sqli\x00\x00\x00\x013\x00\x00\x00\x00\x00\x00\x00\x00\x00\x01\x00\x05nmap\x00\x00\x05nmap\x00ol\x00\x00\x00\x00\x00\x00\x00\x00\x00=tlitcp\x00\x00\x00\x00\x00\x01\x00h\x00\x0b\x00\x00\x00\x03\x00\x05nmap\x00\x00\x00\x00\x00\x00\x00\x00\x00\x00\x00\x00j\x00\x00\x00\x7f',
    9097: lambda target, proto: b'\x00\x94\x01<\x00\x00\x00d\x00e\x00\x00\x00=\x00\x06IEEEM\x00\x00lsqlexec\x00\x00\x00\x00\x00\x00\x069.280\x00\x00\x0cRDS#R000000\x00\x00\x05sqli\x00\x00\x00\x013\x00\x00\x00\x00\x00\x00\x00\x00\x00\x01\x00\x05nmap\x00\x00\x05nmap\x00ol\x00\x00\x00\x00\x00\x00\x00\x00\x00=tlitcp\x00\x00\x00\x00\x00\x01\x00h\x00\x0b\x00\x00\x00\x03\x00\x05nmap\x00\x00\x00\x00\x00\x00\x00\x00\x00\x00\x00\x00j\x00\x00\x00\x7f',
    9098: lambda target, proto: b'\x00\x94\x01<\x00\x00\x00d\x00e\x00\x00\x00=\x00\x06IEEEM\x00\x00lsqlexec\x00\x00\x00\x00\x00\x00\x069.280\x00\x00\x0cRDS#R000000\x00\x00\x05sqli\x00\x00\x00\x013\x00\x00\x00\x00\x00\x00\x00\x00\x00\x01\x00\x05nmap\x00\x00\x05nmap\x00ol\x00\x00\x00\x00\x00\x00\x00\x00\x00=tlitcp\x00\x00\x00\x00\x00\x01\x00h\x00\x0b\x00\x00\x00\x03\x00\x05nmap\x00\x00\x00\x00\x00\x00\x00\x00\x00\x00\x00\x00j\x00\x00\x00\x7f',
    9099: lambda target, proto: b'JRMI\x00\x02K',
    9101: lambda target, proto: b'\x1b%-12345X@PJL INFO ID\r\n\x1b%-12345X\r\n',
    9102: lambda target, proto: b'\x00\x00\x00\xa4\xffSMBr\x00\x00\x00\x00\x08\x01@\x00\x00\x00\x00\x00\x00\x00\x00\x00\x00\x00\x00\x00\x00@\x06\x00\x00\x01\x00\x00\x81\x00\x02PC NETWORK PROGRAM 1.0\x00\x02MICROSOFT NETWORKS 1.03\x00\x02MICROSOFT NETWORKS 3.0\x00\x02LANMAN1.0\x00\x02LM1.2X002\x00\x02Samba\x00\x02NT LANMAN 1.0\x00\x02NT LM 0.12\x00',
    9103: lambda target, proto: b'\x00\x00\x00\xa4\xffSMBr\x00\x00\x00\x00\x08\x01@\x00\x00\x00\x00\x00\x00\x00\x00\x00\x00\x00\x00\x00\x00@\x06\x00\x00\x01\x00\x00\x81\x00\x02PC NETWORK PROGRAM 1.0\x00\x02MICROSOFT NETWORKS 1.03\x00\x02MICROSOFT NETWORKS 3.0\x00\x02LANMAN1.0\x00\x02LM1.2X002\x00\x02Samba\x00\x02NT LANMAN 1.0\x00\x02NT LM 0.12\x00',
    9104: lambda target, proto: b'\x1b%-12345X@PJL INFO ID\r\n\x1b%-12345X\r\n',
    9105: lambda target, proto: b'\x1b%-12345X@PJL INFO ID\r\n\x1b%-12345X\r\n',
    9106: lambda target, proto: b'\x1b%-12345X@PJL INFO ID\r\n\x1b%-12345X\r\n',
    9107: lambda target, proto: b'\x1b%-12345X@PJL INFO ID\r\n\x1b%-12345X\r\n',
    9300: lambda target, proto: b'JRMI\x00\x02K',
    9390: lambda target, proto: b'<?xml version="1.0" ?><methodCall><methodName>nmap.probe</methodName></methodCall>\n\x00',
    9443: lambda target, proto: b'\x16\x03\x00\x00S\x01\x00\x00O\x03\x00?G\xd7\xf7\xba,\xee\xea\xb2`~\xf3\x00\xfd\x82{\xb9\xd5\x96\xc8w\x9b\xe6\xc4\xdb<=\xdbo\xef\x10n\x00\x00(\x00\x16\x00\x13\x00\n\x00f\x00\x05\x00\x04\x00e\x00d\x00c\x00b\x00a\x00`\x00\x15\x00\x12\x00\t\x00\x14\x00\x11\x00\x08\x00\x06\x00\x03\x01\x00',
    9481: lambda target, proto: b'\x05\x04\x00\x01\x02\x80\x05\x01\x00\x03\ngoogle.com\x00PGET / HTTP/1.0\r\n\r\n',
    9500: lambda target, proto: b'JRMI\x00\x02K',
    9711: lambda target, proto: b'JRMI\x00\x02K',
    9761: lambda target, proto: b'\x02`',
    9801: lambda target, proto: b'\r\n\r\n',
    9809: lambda target, proto: b'JRMI\x00\x02K',
    9810: lambda target, proto: b'JRMI\x00\x02K',
    9811: lambda target, proto: b'JRMI\x00\x02K',
    9812: lambda target, proto: b'JRMI\x00\x02K',
    9813: lambda target, proto: b'JRMI\x00\x02K',
    9814: lambda target, proto: b'JRMI\x00\x02K',
    9815: lambda target, proto: b'JRMI\x00\x02K',
    9875: lambda target, proto: b'JRMI\x00\x02K',
    9910: lambda target, proto: b'JRMI\x00\x02K',
    9930: lambda target, proto: b'\x00\x00\x00\x00DB2DAS      \x01\x04\x00\x00\x00\x109z\x00\x01\x00\x00\x00\x00\x00\x00\x00\x00\x00\x00\x01\x0c\x00\x00\x00\x00\x00\x00\x0c\x00\x00\x00\x0c\x00\x00\x00\x04',
    9931: lambda target, proto: b'\x00\x00\x00\x00DB2DAS      \x01\x04\x00\x00\x00\x109z\x00\x01\x00\x00\x00\x00\x00\x00\x00\x00\x00\x00\x01\x0c\x00\x00\x00\x00\x00\x00\x0c\x00\x00\x00\x0c\x00\x00\x00\x04',
    9932: lambda target, proto: b'\x00\x00\x00\x00DB2DAS      \x01\x04\x00\x00\x00\x109z\x00\x01\x00\x00\x00\x00\x00\x00\x00\x00\x00\x00\x01\x0c\x00\x00\x00\x00\x00\x00\x0c\x00\x00\x00\x0c\x00\x00\x00\x04',
    9933: lambda target, proto: b'\x00\x00\x00\x00DB2DAS      \x01\x04\x00\x00\x00\x109z\x00\x01\x00\x00\x00\x00\x00\x00\x00\x00\x00\x00\x01\x0c\x00\x00\x00\x00\x00\x00\x0c\x00\x00\x00\x0c\x00\x00\x00\x04',
    9934: lambda target, proto: b'\x00\x00\x00\x00DB2DAS      \x01\x04\x00\x00\x00\x109z\x00\x01\x00\x00\x00\x00\x00\x00\x00\x00\x00\x00\x01\x0c\x00\x00\x00\x00\x00\x00\x0c\x00\x00\x00\x0c\x00\x00\x00\x04',
    9987: lambda target, proto: b"\x05\xca\x7f\x16\x9c\x11\xf9\x89\x00\x00\x00\x00\x02\x9dt\x8bE\xaa{\xef\xb9\x9e\xfe\xad\x08\x19\xba\xcfA\xe0\x16\xa22l\xf3\xcf\xf4\x8e<D\x83\xc8\x8dQEo\x90\x95#>\x00\x97+\x1cq\xb2N\xc0a\xf1\xd7o\xc5~\xf6HR\xbf\x82j\xa2;e\xaa\x18z\x178\xc3\x81'\xc3G\xfc\xa75\xba\xfc\x0f\x9d\x9dr$\x9d\xfc\x02\x17mk\xb1-r\xc6\xe3\x17\x1c\x95\xd9i\x99W\xce\xdd\xdf\x05\xdc\x03\x94V\x04:\x14\xe5\xad\x9a+\x140:#\xa3%\xad\xe8\xe69\x8a\x85*\xc6\xdf\xe5]-\xa0/]\x9c\xd7+$\xfb\xb0\x9c\xc2\xba\x89\xb4\x1b\x17\xa2\xb6",
    9991: lambda target, proto: b'JRMI\x00\x02K',
    9998: lambda target, proto: b'ver\r\n',
    10002: lambda target, proto: b'\x00\x00\x00\x1f\x00\x00\x00\x00\x00\x00\x00\x0cGetClassName\x00\x00\x00\x02\x04\x00\x00\x00\x00\x01\x00',
    10003: lambda target, proto: b'\x00\x00\x00\x1f\x00\x00\x00\x00\x00\x00\x00\x0cGetClassName\x00\x00\x00\x02\x04\x00\x00\x00\x00\x01\x00',
    10005: lambda target, proto: b'GET / HTTP/1.0\r\n\r\n',
    10031: lambda target, proto: b'OPTIONS / HTTP/1.0\r\n\r\n',
    10098: lambda target, proto: b'JRMI\x00\x02K',
    10099: lambda target, proto: b'JRMI\x00\x02K',
    10161: lambda target, proto: b'\x16\xfe\xff\x00\x00\x00\x00\x00\x00\x00\x00\x006\x01\x00\x00*\x00\x00\x00\x00\x00\x00\x00*\xfe\xfd\x00\x00\x00\x00|w@\x1e\x8a\xc8"\xa0\xa0\x18\xff\x93\x08\xca\xac\nd/\xc9"d\xbc\x08\xa8\x16\x89\x190\x00\x00\x00\x02\x00/\x01\x00',
    10162: lambda target, proto: b'JRMI\x00\x02K',
    10333: lambda target, proto: b'login\n',
    10443: lambda target, proto: b'\x16\x03\x00\x00S\x01\x00\x00O\x03\x00?G\xd7\xf7\xba,\xee\xea\xb2`~\xf3\x00\xfd\x82{\xb9\xd5\x96\xc8w\x9b\xe6\xc4\xdb<=\xdbo\xef\x10n\x00\x00(\x00\x16\x00\x13\x00\n\x00f\x00\x05\x00\x04\x00e\x00d\x00c\x00b\x00a\x00`\x00\x15\x00\x12\x00\t\x00\x14\x00\x11\x00\x08\x00\x06\x00\x03\x01\x00',
    10990: lambda target, proto: b'JRMI\x00\x02K',
    11001: lambda target, proto: b'JRMI\x00\x02K',
    11099: lambda target, proto: b'JRMI\x00\x02K',
    11210: lambda target, proto: b'\x80\x10\x00\x00\x00\x00\x00\x00\x00\x00\x00\x00\x15\xf0\xd1b\x00\x00\x00\x00\x00\x00\x00\x00',
    11333: lambda target, proto: b'JRMI\x00\x02K',
    11371: lambda target, proto: b'\r\n\r\n',
    11711: lambda target, proto: b'0\x84\x00\x00\x00-\x02\x01\x07c\x84\x00\x00\x00$\x04\x00\n\x01\x00\n\x01\x00\x02\x01\x00\x02\x01d\x01\x01\x00\x87\x0bobjectClass0\x84\x00\x00\x00\x00',
    11712: lambda target, proto: b'0\x84\x00\x00\x00-\x02\x01\x07c\x84\x00\x00\x00$\x04\x00\n\x01\x00\n\x01\x00\x02\x01\x00\x02\x01d\x01\x01\x00\x87\x0bobjectClass0\x84\x00\x00\x00\x00',
    11965: lambda target, proto: b'\r\n\r\n',
    12000: lambda target, proto: b'JRMI\x00\x02K',
    12203: lambda target, proto: b'r\xfe\x1d\x13\x00\x00\x00\x00\x00\x00\x00\x02\x00\x01\x86\xa0\x00\x01\x97|\x00\x00\x00\x00\x00\x00\x00\x00\x00\x00\x00\x00\x00\x00\x00\x00\x00\x00\x00\x00',
    12345: lambda target, proto: b'GET /?CAVIT HTTP/1.1\r\n\r\n',
    12346: lambda target, proto: b'\x16\xfe\xff\x00\x00\x00\x00\x00\x00\x00\x00\x006\x01\x00\x00*\x00\x00\x00\x00\x00\x00\x00*\xfe\xfd\x00\x00\x00\x00|w@\x1e\x8a\xc8"\xa0\xa0\x18\xff\x93\x08\xca\xac\nd/\xc9"d\xbc\x08\xa8\x16\x89\x190\x00\x00\x00\x02\x00/\x01\x00',
    12444: lambda target, proto: b's',
    12446: lambda target, proto: b'\x16\xfe\xff\x00\x00\x00\x00\x00\x00\x00\x00\x006\x01\x00\x00*\x00\x00\x00\x00\x00\x00\x00*\xfe\xfd\x00\x00\x00\x00|w@\x1e\x8a\xc8"\xa0\xa0\x18\xff\x93\x08\xca\xac\nd/\xc9"d\xbc\x08\xa8\x16\x89\x190\x00\x00\x00\x02\x00/\x01\x00',
    12546: lambda target, proto: b'\x16\xfe\xff\x00\x00\x00\x00\x00\x00\x00\x00\x006\x01\x00\x00*\x00\x00\x00\x00\x00\x00\x00*\xfe\xfd\x00\x00\x00\x00|w@\x1e\x8a\xc8"\xa0\xa0\x18\xff\x93\x08\xca\xac\nd/\xc9"d\xbc\x08\xa8\x16\x89\x190\x00\x00\x00\x02\x00/\x01\x00',
    12646: lambda target, proto: b'\x16\xfe\xff\x00\x00\x00\x00\x00\x00\x00\x00\x006\x01\x00\x00*\x00\x00\x00\x00\x00\x00\x00*\xfe\xfd\x00\x00\x00\x00|w@\x1e\x8a\xc8"\xa0\xa0\x18\xff\x93\x08\xca\xac\nd/\xc9"d\xbc\x08\xa8\x16\x89\x190\x00\x00\x00\x02\x00/\x01\x00',
    12746: lambda target, proto: b'\x16\xfe\xff\x00\x00\x00\x00\x00\x00\x00\x00\x006\x01\x00\x00*\x00\x00\x00\x00\x00\x00\x00*\xfe\xfd\x00\x00\x00\x00|w@\x1e\x8a\xc8"\xa0\xa0\x18\xff\x93\x08\xca\xac\nd/\xc9"d\xbc\x08\xa8\x16\x89\x190\x00\x00\x00\x02\x00/\x01\x00',
    12846: lambda target, proto: b'\x16\xfe\xff\x00\x00\x00\x00\x00\x00\x00\x00\x006\x01\x00\x00*\x00\x00\x00\x00\x00\x00\x00*\xfe\xfd\x00\x00\x00\x00|w@\x1e\x8a\xc8"\xa0\xa0\x18\xff\x93\x08\xca\xac\nd/\xc9"d\xbc\x08\xa8\x16\x89\x190\x00\x00\x00\x02\x00/\x01\x00',
    12946: lambda target, proto: b'\x16\xfe\xff\x00\x00\x00\x00\x00\x00\x00\x00\x006\x01\x00\x00*\x00\x00\x00\x00\x00\x00\x00*\xfe\xfd\x00\x00\x00\x00|w@\x1e\x8a\xc8"\xa0\xa0\x18\xff\x93\x08\xca\xac\nd/\xc9"d\xbc\x08\xa8\x16\x89\x190\x00\x00\x00\x02\x00/\x01\x00',
    13013: lambda target, proto: b'JRMI\x00\x02K',
    13046: lambda target, proto: b'\x16\xfe\xff\x00\x00\x00\x00\x00\x00\x00\x00\x006\x01\x00\x00*\x00\x00\x00\x00\x00\x00\x00*\xfe\xfd\x00\x00\x00\x00|w@\x1e\x8a\xc8"\xa0\xa0\x18\xff\x93\x08\xca\xac\nd/\xc9"d\xbc\x08\xa8\x16\x89\x190\x00\x00\x00\x02\x00/\x01\x00',
    13200: lambda target, proto: b's',
    13246: lambda target, proto: b'from:airhid',
    13666: lambda target, proto: b'GET / HTTP/1.0\r\n\r\n',
    13720: lambda target, proto: b'\r\n\r\n',
    13722: lambda target, proto: b'GET / HTTP/1.0\r\n\r\n',
    13783: lambda target, proto: b'\x00\x1e\x00\x06\x01\x00\x00\x01\x00\x00\x00\x00\x00\x00\x07version\x04bind\x00\x00\x10\x00\x03',
    14000: lambda target, proto: b'JRMI\x00\x02K',
    14238: lambda target, proto: b'\x00Z\x00\x00\x01\x00\x00\x00\x016\x01,\x00\x00\x08\x00\x7f\xff\x7f\x08\x00\x00\x00\x01\x00 \x00:\x00\x00\x00\x00\x00\x00\x00\x00\x00\x00\x00\x00\x00\x00\x00\x004\xe6\x00\x00\x00\x01\x00\x00\x00\x00\x00\x00\x00\x00(CONNECT_DATA=(COMMAND=version))',
    14443: lambda target, proto: b'\x16\x03\x00\x00S\x01\x00\x00O\x03\x00?G\xd7\xf7\xba,\xee\xea\xb2`~\xf3\x00\xfd\x82{\xb9\xd5\x96\xc8w\x9b\xe6\xc4\xdb<=\xdbo\xef\x10n\x00\x00(\x00\x16\x00\x13\x00\n\x00f\x00\x05\x00\x04\x00e\x00d\x00c\x00b\x00a\x00`\x00\x15\x00\x12\x00\t\x00\x14\x00\x11\x00\x08\x00\x06\x00\x03\x01\x00',
    14534: lambda target, proto: b'GET / HTTP/1.0\r\n\r\n',
    14690: lambda target, proto: b'HELP\r\n',
    15000: lambda target, proto: b'JRMI\x00\x02K',
    15001: lambda target, proto: b'JRMI\x00\x02K',
    15002: lambda target, proto: b'\x16\x03\x00\x00S\x01\x00\x00O\x03\x00?G\xd7\xf7\xba,\xee\xea\xb2`~\xf3\x00\xfd\x82{\xb9\xd5\x96\xc8w\x9b\xe6\xc4\xdb<=\xdbo\xef\x10n\x00\x00(\x00\x16\x00\x13\x00\n\x00f\x00\x05\x00\x04\x00e\x00d\x00c\x00b\x00a\x00`\x00\x15\x00\x12\x00\t\x00\x14\x00\x11\x00\x08\x00\x06\x00\x03\x01\x00',
    15200: lambda target, proto: b'JRMI\x00\x02K',
    16000: lambda target, proto: b'JRMI\x00\x02K',
    17007: lambda target, proto: b'\x80\x00\x00(r\xfe\x1d\x13\x00\x00\x00\x00\x00\x00\x00\x02\x00\x01\x86\xa0\x00\x01\x97|\x00\x00\x00\x00\x00\x00\x00\x00\x00\x00\x00\x00\x00\x00\x00\x00\x00\x00\x00\x00',
    17185: lambda target, proto: b'\x00\x00\x00\x00\x00\x00\x00\x00\x00\x00\x00\x02UUUU\x00\x00\x00\x01\x00\x00\x00\x00\x00\x00\x00\x00\x00\x00\x00\x00\x00\x00\x00\x00\x00\x00\x00\x00\xff\xffU\x13\x00\x00\x000\x00\x00\x00\x01\x00\x00\x00\x02\x00\x00\x00\x00\x00\x00\x00\x00',
    17200: lambda target, proto: b'JRMI\x00\x02K',
    17555: lambda target, proto: b'\xff\xf0\x97\r.`\xd1o\x00\x00\x04\x00\x00U\xab\xec2\x00\x00\x00\x00\x002\x04\n\x00\xc8u\xf8\x16\x00\\\xb9e\x00\x00\x00\x00N\xd1\xf5(',
    17988: lambda target, proto: b'GET / HTTP/1.0\r\n\r\n',
    18086: lambda target, proto: b'\r\n\r\n',
    18182: lambda target, proto: b'\x00\x00\x00\xa4\xffSMBr\x00\x00\x00\x00\x08\x01@\x00\x00\x00\x00\x00\x00\x00\x00\x00\x00\x00\x00\x00\x00@\x06\x00\x00\x01\x00\x00\x81\x00\x02PC NETWORK PROGRAM 1.0\x00\x02MICROSOFT NETWORKS 1.03\x00\x02MICROSOFT NETWORKS 3.0\x00\x02LANMAN1.0\x00\x02LM1.2X002\x00\x02Samba\x00\x02NT LANMAN 1.0\x00\x02NT LM 0.12\x00',
    18264: lambda target, proto: b'GET / HTTP/1.0\r\n\r\n',
    18980: lambda target, proto: b'JRMI\x00\x02K',
    19131: lambda target, proto: b'\x02',
    19132: lambda target, proto: b'\x02',
    19133: lambda target, proto: b'\x02',
    19150: lambda target, proto: b'gkrellm 0.0.0',
    19350: lambda target, proto: b'\x01default\n',
    19700: lambda target, proto: b'\x94\x00\xcd\xef\xd1a\x91\x03',
    19800: lambda target, proto: b'\x94\x00\xcd\xef\xd1a\x91\x03',
    20547: lambda target, proto: b'\xcc\x01\x00\x0b@\x02\x00\x00G\xee',
    22001: lambda target, proto: b':\x00\x00\x00/\x00\x00\x00\x02\x00\x00@\x02\x0f\x00\x01\x00=\x05\x00\x00\x00\x00\x00\x00\x00\x00\x00\x00\x00\x00/\x00\x00\x00\x00\x00\x00\x00\x00\x00@\x1f\x00\x00\x00\x00\x00\x00\x00\x00\x00\x00\x00\x00\x00\x00\x00\x00\x00',
    22490: lambda target, proto: b'HELP\r\n',
    23196: lambda target, proto: b's',
    23791: lambda target, proto: b'JRMI\x00\x02K',
    25565: lambda target, proto: b'\xfe\x01',
    26000: lambda target, proto: b'\x80\x00\x00\x0c\x02QUAKE\x00\x03',
    26001: lambda target, proto: b'\x80\x00\x00\x0c\x02QUAKE\x00\x03',
    26002: lambda target, proto: b'\x80\x00\x00\x0c\x02QUAKE\x00\x03',
    26003: lambda target, proto: b'\x80\x00\x00\x0c\x02QUAKE\x00\x03',
    26004: lambda target, proto: b'\x80\x00\x00\x0c\x02QUAKE\x00\x03',
    26198: lambda target, proto: b'\x00\x06\x01\x00\x00\x01\x00\x00\x00\x00\x00\x00\x07version\x04bind\x00\x00\x10\x00\x03',
    26214: lambda target, proto: b'\r\n\r\n',
    26256: lambda target, proto: b'JRMI\x00\x02K',
    26470: lambda target, proto: b'\r\n\r\n',
    27000: lambda target, proto: b'\x00\x00\x00\xa4\xffSMBr\x00\x00\x00\x00\x08\x01@\x00\x00\x00\x00\x00\x00\x00\x00\x00\x00\x00\x00\x00\x00@\x06\x00\x00\x01\x00\x00\x81\x00\x02PC NETWORK PROGRAM 1.0\x00\x02MICROSOFT NETWORKS 1.03\x00\x02MICROSOFT NETWORKS 3.0\x00\x02LANMAN1.0\x00\x02LM1.2X002\x00\x02Samba\x00\x02NT LANMAN 1.0\x00\x02NT LM 0.12\x00',
    27001: lambda target, proto: b'\x00\x00\x00\xa4\xffSMBr\x00\x00\x00\x00\x08\x01@\x00\x00\x00\x00\x00\x00\x00\x00\x00\x00\x00\x00\x00\x00@\x06\x00\x00\x01\x00\x00\x81\x00\x02PC NETWORK PROGRAM 1.0\x00\x02MICROSOFT NETWORKS 1.03\x00\x02MICROSOFT NETWORKS 3.0\x00\x02LANMAN1.0\x00\x02LM1.2X002\x00\x02Samba\x00\x02NT LANMAN 1.0\x00\x02NT LM 0.12\x00',
    27002: lambda target, proto: b'\x00\x00\x00\xa4\xffSMBr\x00\x00\x00\x00\x08\x01@\x00\x00\x00\x00\x00\x00\x00\x00\x00\x00\x00\x00\x00\x00@\x06\x00\x00\x01\x00\x00\x81\x00\x02PC NETWORK PROGRAM 1.0\x00\x02MICROSOFT NETWORKS 1.03\x00\x02MICROSOFT NETWORKS 3.0\x00\x02LANMAN1.0\x00\x02LM1.2X002\x00\x02Samba\x00\x02NT LANMAN 1.0\x00\x02NT LM 0.12\x00',
    27003: lambda target, proto: b'\x00\x00\x00\xa4\xffSMBr\x00\x00\x00\x00\x08\x01@\x00\x00\x00\x00\x00\x00\x00\x00\x00\x00\x00\x00\x00\x00@\x06\x00\x00\x01\x00\x00\x81\x00\x02PC NETWORK PROGRAM 1.0\x00\x02MICROSOFT NETWORKS 1.03\x00\x02MICROSOFT NETWORKS 3.0\x00\x02LANMAN1.0\x00\x02LM1.2X002\x00\x02Samba\x00\x02NT LANMAN 1.0\x00\x02NT LM 0.12\x00',
    27004: lambda target, proto: b'\x00\x00\x00\xa4\xffSMBr\x00\x00\x00\x00\x08\x01@\x00\x00\x00\x00\x00\x00\x00\x00\x00\x00\x00\x00\x00\x00@\x06\x00\x00\x01\x00\x00\x81\x00\x02PC NETWORK PROGRAM 1.0\x00\x02MICROSOFT NETWORKS 1.03\x00\x02MICROSOFT NETWORKS 3.0\x00\x02LANMAN1.0\x00\x02LM1.2X002\x00\x02Samba\x00\x02NT LANMAN 1.0\x00\x02NT LM 0.12\x00',
    27005: lambda target, proto: b'\x00\x00\x00\xa4\xffSMBr\x00\x00\x00\x00\x08\x01@\x00\x00\x00\x00\x00\x00\x00\x00\x00\x00\x00\x00\x00\x00@\x06\x00\x00\x01\x00\x00\x81\x00\x02PC NETWORK PROGRAM 1.0\x00\x02MICROSOFT NETWORKS 1.03\x00\x02MICROSOFT NETWORKS 3.0\x00\x02LANMAN1.0\x00\x02LM1.2X002\x00\x02Samba\x00\x02NT LANMAN 1.0\x00\x02NT LM 0.12\x00',
    27006: lambda target, proto: b'\x00\x00\x00\xa4\xffSMBr\x00\x00\x00\x00\x08\x01@\x00\x00\x00\x00\x00\x00\x00\x00\x00\x00\x00\x00\x00\x00@\x06\x00\x00\x01\x00\x00\x81\x00\x02PC NETWORK PROGRAM 1.0\x00\x02MICROSOFT NETWORKS 1.03\x00\x02MICROSOFT NETWORKS 3.0\x00\x02LANMAN1.0\x00\x02LM1.2X002\x00\x02Samba\x00\x02NT LANMAN 1.0\x00\x02NT LM 0.12\x00',
    27007: lambda target, proto: b'\x00\x00\x00\xa4\xffSMBr\x00\x00\x00\x00\x08\x01@\x00\x00\x00\x00\x00\x00\x00\x00\x00\x00\x00\x00\x00\x00@\x06\x00\x00\x01\x00\x00\x81\x00\x02PC NETWORK PROGRAM 1.0\x00\x02MICROSOFT NETWORKS 1.03\x00\x02MICROSOFT NETWORKS 3.0\x00\x02LANMAN1.0\x00\x02LM1.2X002\x00\x02Samba\x00\x02NT LANMAN 1.0\x00\x02NT LM 0.12\x00',
    27008: lambda target, proto: b'\x00\x00\x00\xa4\xffSMBr\x00\x00\x00\x00\x08\x01@\x00\x00\x00\x00\x00\x00\x00\x00\x00\x00\x00\x00\x00\x00@\x06\x00\x00\x01\x00\x00\x81\x00\x02PC NETWORK PROGRAM 1.0\x00\x02MICROSOFT NETWORKS 1.03\x00\x02MICROSOFT NETWORKS 3.0\x00\x02LANMAN1.0\x00\x02LM1.2X002\x00\x02Samba\x00\x02NT LANMAN 1.0\x00\x02NT LM 0.12\x00',
    27009: lambda target, proto: b'\x00\x00\x00\xa4\xffSMBr\x00\x00\x00\x00\x08\x01@\x00\x00\x00\x00\x00\x00\x00\x00\x00\x00\x00\x00\x00\x00@\x06\x00\x00\x01\x00\x00\x81\x00\x02PC NETWORK PROGRAM 1.0\x00\x02MICROSOFT NETWORKS 1.03\x00\x02MICROSOFT NETWORKS 3.0\x00\x02LANMAN1.0\x00\x02LM1.2X002\x00\x02Samba\x00\x02NT LANMAN 1.0\x00\x02NT LM 0.12\x00',
    27010: lambda target, proto: b'\x00\x00\x00\xa4\xffSMBr\x00\x00\x00\x00\x08\x01@\x00\x00\x00\x00\x00\x00\x00\x00\x00\x00\x00\x00\x00\x00@\x06\x00\x00\x01\x00\x00\x81\x00\x02PC NETWORK PROGRAM 1.0\x00\x02MICROSOFT NETWORKS 1.03\x00\x02MICROSOFT NETWORKS 3.0\x00\x02LANMAN1.0\x00\x02LM1.2X002\x00\x02Samba\x00\x02NT LANMAN 1.0\x00\x02NT LM 0.12\x00',
    27016: lambda target, proto: b'\xff\xff\xff\xffTSourceEngineQuery\x00',
    27020: lambda target, proto: b'\xff\xff\xff\xffTSourceEngineQuery\x00',
    27021: lambda target, proto: b'\xff\xff\xff\xffTSourceEngineQuery\x00',
    27022: lambda target, proto: b'\xff\xff\xff\xffTSourceEngineQuery\x00',
    27023: lambda target, proto: b'\xff\xff\xff\xffTSourceEngineQuery\x00',
    27024: lambda target, proto: b'\xff\xff\xff\xffTSourceEngineQuery\x00',
    27025: lambda target, proto: b'\xff\xff\xff\xffTSourceEngineQuery\x00',
    27026: lambda target, proto: b'\xff\xff\xff\xffTSourceEngineQuery\x00',
    27027: lambda target, proto: b'\xff\xff\xff\xffTSourceEngineQuery\x00',
    27028: lambda target, proto: b'\xff\xff\xff\xffTSourceEngineQuery\x00',
    27029: lambda target, proto: b'\xff\xff\xff\xffTSourceEngineQuery\x00',
    27030: lambda target, proto: b'\xff\xff\xff\xffTSourceEngineQuery\x00',
    27036: lambda target, proto: b'\x16\x03\x00\x00u\x01\x00\x00q\x03\x03U8*bETXSJDSZNHMDFAONDKJXXZYZHWHR\x00\x000\x00\x8a\x00\x8b\x00\x8c\x00\x8d\x00\x8e\x00\x8f\x00\x90\x00\x91\x00\x92\x00\x93\x00\x94\x00\x95\x00\xa8\x00\xa9\x00\xaa\x00\xab\x00\xac\x00\xad\x00\xae\x00\xaf\x00\xb2\x00\xb3\x00\xb6\x00\xb7\x01\x00\x00\x18\x00\r\x00\x14\x00\x12\x00\x01\x00\x02\x00\x03\x01\x01\x01\x02\x01\x03\x02\x01\x02\x02\x02\x03',
    27138: lambda target, proto: b's',
    27244: lambda target, proto: b's',
    27444: lambda target, proto: b'png l44adsl',
    27777: lambda target, proto: b's',
    27910: lambda target, proto: b'\xff\xff\xff\xffstatus',
    27911: lambda target, proto: b'\xff\xff\xff\xffstatus',
    27912: lambda target, proto: b'\xff\xff\xff\xffstatus',
    27913: lambda target, proto: b'\xff\xff\xff\xffstatus',
    27914: lambda target, proto: b'\xff\xff\xff\xffstatus',
    27950: lambda target, proto: b'\xff\xff\xff\xffgetservers 68 empty full',
    27960: lambda target, proto: b'r\xfe\x1d\x13\x00\x00\x00\x00\x00\x00\x00\x02\x00\x01\x86\xa0\x00\x01\x97|\x00\x00\x00\x00\x00\x00\x00\x00\x00\x00\x00\x00\x00\x00\x00\x00\x00\x00\x00\x00',
    27961: lambda target, proto: b'\xff\xff\xff\xffgetstatus',
    27962: lambda target, proto: b'\xff\xff\xff\xffgetstatus',
    27963: lambda target, proto: b'\xff\xff\xff\xffgetstatus',
    27964: lambda target, proto: b'\xff\xff\xff\xffgetstatus',
    28138: lambda target, proto: b's',
    30444: lambda target, proto: b'\r\n\r\n',
    30710: lambda target, proto: b'\xff\xff\xff\xffgetservers 68 empty full',
    30720: lambda target, proto: b'\xff\xff\xff\xffgetstatus',
    30721: lambda target, proto: b'\xff\xff\xff\xffgetstatus',
    30722: lambda target, proto: b'\xff\xff\xff\xffgetstatus',
    30723: lambda target, proto: b'\xff\xff\xff\xffgetstatus',
    30724: lambda target, proto: b'\xff\xff\xff\xffgetstatus',
    31099: lambda target, proto: b'JRMI\x00\x02K',
    31337: lambda target, proto: b'OPTIONS sip:nm SIP/2.0\r\nVia: SIP/2.0/TCP nm;branch=foo\r\nFrom: <sip:nm@nm>;tag=root\r\nTo: <sip:nm2@nm2>\r\nCall-ID: 50000\r\nCSeq: 42 OPTIONS\r\nMax-Forwards: 70\r\nContent-Length: 0\r\nContact: <sip:nm@nm>\r\nAccept: application/sdp\r\n\r\n',
    31416: lambda target, proto: b'\r\n\r\n',
    32211: lambda target, proto: b'\x01default\n',
    32913: lambda target, proto: b'JRMI\x00\x02K',
    33000: lambda target, proto: b'JRMI\x00\x02K',
    33015: lambda target, proto: b'show info\r\n',
    34012: lambda target, proto: b'\r\n\r\n',
    34555: lambda target, proto: b'png []..Ks',
    37435: lambda target, proto: b'OPTIONS / HTTP/1.0\r\n\r\n',
    37718: lambda target, proto: b'JRMI\x00\x02K',
    38978: lambda target, proto: b'\x80\x00\x00(r\xfe\x1d\x13\x00\x00\x00\x00\x00\x00\x00\x02\x00\x01\x86\xa0\x00\x01\x97|\x00\x00\x00\x00\x00\x00\x00\x00\x00\x00\x00\x00\x00\x00\x00\x00\x00\x00\x00\x00',
    40193: lambda target, proto: b'GET / HTTP/1.0\r\n\r\n',
    41523: lambda target, proto: b'\x00\x0c\x00\x00\x10\x00\x00\x00\x00\x00\x00\x00\x00\x00',
    44400: lambda target, proto: b'\xff\xff\xff\xffgetstatus',
    44443: lambda target, proto: b'\x16\x03\x00\x00S\x01\x00\x00O\x03\x00?G\xd7\xf7\xba,\xee\xea\xb2`~\xf3\x00\xfd\x82{\xb9\xd5\x96\xc8w\x9b\xe6\xc4\xdb<=\xdbo\xef\x10n\x00\x00(\x00\x16\x00\x13\x00\n\x00f\x00\x05\x00\x04\x00e\x00d\x00c\x00b\x00a\x00`\x00\x15\x00\x12\x00\t\x00\x14\x00\x11\x00\x08\x00\x06\x00\x03\x01\x00',
    45230: lambda target, proto: b'JRMI\x00\x02K',
    47001: lambda target, proto: b'JRMI\x00\x02K',
    47002: lambda target, proto: b'JRMI\x00\x02K',
    48899: lambda target, proto: b"\x03f\x14q\x00\x00\x00\x00\x01\x00\x00\x00\x00\x00\x00\x00\x01\x01\x10'\x00\x00\x00\x00",
    49152: lambda target, proto: b'GET /nice%20ports%2C/Tri%6Eity.txt%2ebak HTTP/1.0\r\n\r\n',
    49153: lambda target, proto: b'A\x00\x00\x00:0\x00\x00\xff\xff\xff\xff\xd4\x07\x00\x00\x00\x00\x00\x00test.$cmd\x00\x00\x00\x00\x00\xff\xff\xff\xff\x1b\x00\x00\x00\x01serverStatus\x00\x00\x00\x00\x00\x00\x00\xf0?\x00',
    49154: lambda target, proto: b'\xff\xf0\x97\r.`\xd1o\x00\x00\x04\x00\x00U\xab\xec2\x00\x00\x00\x00\x002\x04\n\x00\xc8u\xf8\x16\x00\\\xb9e\x00\x00\x00\x00N\xd1\xf5(',
    49155: lambda target, proto: b'\xff\xf0\x97\r.`\xd1o\x00\x00\x04\x00\x00U\xab\xec2\x00\x00\x00\x00\x002\x04\n\x00\xc8u\xf8\x16\x00\\\xb9e\x00\x00\x00\x00N\xd1\xf5(',
    49156: lambda target, proto: b'\xff\xf0\x97\r.`\xd1o\x00\x00\x04\x00\x00U\xab\xec2\x00\x00\x00\x00\x002\x04\n\x00\xc8u\xf8\x16\x00\\\xb9e\x00\x00\x00\x00N\xd1\xf5(',
    49400: lambda target, proto: b'OPTIONS / HTTP/1.0\r\n\r\n',
    50001: lambda target, proto: b'\x01\xc2\x00\x00\x00\x04\x00\x00\xb6\x01\x00\x00SQLDB2RA\x00\x01\x00\x00\x04\x01\x01\x00\x05\x00\x1d\x00\x88\x00\x00\x00\x01\x00\x00\x80\x00\x00\x00\x01\t\x00\x00\x00\x01\x00\x00@\x00\x00\x00\x01\t\x00\x00\x00\x01\x00\x00@\x00\x00\x00\x01\x08\x00\x00\x00\x04\x00\x00@\x00\x00\x00\x01\x04\x00\x00\x00\x01\x00\x00@\x00\x00\x00@\x04\x00\x00\x00\x04\x00\x00@\x00\x00\x00\x01\x04\x00\x00\x00\x04\x00\x00@\x00\x00\x00\x01\x04\x00\x00\x00\x04\x00\x00@\x00\x00\x00\x01\x04\x00\x00\x00\x02\x00\x00@\x00\x00\x00\x01\x04\x00\x00\x00\x04\x00\x00@\x00\x00\x00\x01\x00\x00\x00\x00\x01\x00\x00@\x00\x00\x00\x00\x04\x00\x00\x00\x04\x00\x00\x80\x00\x00\x00\x01\x04\x00\x00\x00\x04\x00\x00\x80\x00\x00\x00\x01\x04\x00\x00\x00\x03\x00\x00\x80\x00\x00\x00\x01\x04\x00\x00\x00\x04\x00\x00\x80\x00\x00\x00\x01\x08\x00\x00\x00\x01\x00\x00@\x00\x00\x00\x01\x04\x00\x00\x00\x04\x00\x00@\x00\x00\x00\x01\x10\x00\x00\x00\x01\x00\x00\x80\x00\x00\x00\x01\x10\x00\x00\x00\x01\x00\x00\x80\x00\x00\x00\x01\x04\x00\x00\x00\x04\x00\x00@\x00\x00\x00\x01\t\x00\x00\x00\x01\x00\x00@\x00\x00\x00\x01\t\x00\x00\x00\x01\x00\x00\x80\x00\x00\x00\x01\x04\x00\x00\x00\x03\x00\x00\x80\x00\x00\x00\x01\x00\x00\x00\x00\x00\x00\x00\x00\x00\x00\x00\x00\x01\x04\x00\x00\x01\x00\x00\x80\x00\x00\x00\x01\x00\x00\x00\x00\x00\x00\x00\x00\x00\x00\x00\x00\x00\x00\x00\x00\x00\x00\x00\x00\x00\x00\x00\x00\x00\x00\x00\x00\x01\x00\x00@\x00\x00\x00\x01\x00\x00\x00\x00\x01\x00\x00@\x00\x00\x00\x00        \x00\x00\x00\x00\x00\x00\x00\x00\x00\x00\x00\x00\x00\x00\x00\x00\x01\x00\xff\x00\x00\x00\x00\x00\x00\x00\x00\x00\x00\x00\x00\x00\x00\x00\x00\x00\x00\x00\x00\x00\xe4\x04\x00\x00\x00\x00\x00\x00\x00\x00\x00\x00\x00\x00\x00\x00\x00\x00\x00\x00\x00\x7f',
    50002: lambda target, proto: b'\x01\xc2\x00\x00\x00\x04\x00\x00\xb6\x01\x00\x00SQLDB2RA\x00\x01\x00\x00\x04\x01\x01\x00\x05\x00\x1d\x00\x88\x00\x00\x00\x01\x00\x00\x80\x00\x00\x00\x01\t\x00\x00\x00\x01\x00\x00@\x00\x00\x00\x01\t\x00\x00\x00\x01\x00\x00@\x00\x00\x00\x01\x08\x00\x00\x00\x04\x00\x00@\x00\x00\x00\x01\x04\x00\x00\x00\x01\x00\x00@\x00\x00\x00@\x04\x00\x00\x00\x04\x00\x00@\x00\x00\x00\x01\x04\x00\x00\x00\x04\x00\x00@\x00\x00\x00\x01\x04\x00\x00\x00\x04\x00\x00@\x00\x00\x00\x01\x04\x00\x00\x00\x02\x00\x00@\x00\x00\x00\x01\x04\x00\x00\x00\x04\x00\x00@\x00\x00\x00\x01\x00\x00\x00\x00\x01\x00\x00@\x00\x00\x00\x00\x04\x00\x00\x00\x04\x00\x00\x80\x00\x00\x00\x01\x04\x00\x00\x00\x04\x00\x00\x80\x00\x00\x00\x01\x04\x00\x00\x00\x03\x00\x00\x80\x00\x00\x00\x01\x04\x00\x00\x00\x04\x00\x00\x80\x00\x00\x00\x01\x08\x00\x00\x00\x01\x00\x00@\x00\x00\x00\x01\x04\x00\x00\x00\x04\x00\x00@\x00\x00\x00\x01\x10\x00\x00\x00\x01\x00\x00\x80\x00\x00\x00\x01\x10\x00\x00\x00\x01\x00\x00\x80\x00\x00\x00\x01\x04\x00\x00\x00\x04\x00\x00@\x00\x00\x00\x01\t\x00\x00\x00\x01\x00\x00@\x00\x00\x00\x01\t\x00\x00\x00\x01\x00\x00\x80\x00\x00\x00\x01\x04\x00\x00\x00\x03\x00\x00\x80\x00\x00\x00\x01\x00\x00\x00\x00\x00\x00\x00\x00\x00\x00\x00\x00\x01\x04\x00\x00\x01\x00\x00\x80\x00\x00\x00\x01\x00\x00\x00\x00\x00\x00\x00\x00\x00\x00\x00\x00\x00\x00\x00\x00\x00\x00\x00\x00\x00\x00\x00\x00\x00\x00\x00\x00\x01\x00\x00@\x00\x00\x00\x01\x00\x00\x00\x00\x01\x00\x00@\x00\x00\x00\x00        \x00\x00\x00\x00\x00\x00\x00\x00\x00\x00\x00\x00\x00\x00\x00\x00\x01\x00\xff\x00\x00\x00\x00\x00\x00\x00\x00\x00\x00\x00\x00\x00\x00\x00\x00\x00\x00\x00\x00\x00\xe4\x04\x00\x00\x00\x00\x00\x00\x00\x00\x00\x00\x00\x00\x00\x00\x00\x00\x00\x00\x00\x7f',
    50003: lambda target, proto: b'\x01\xc2\x00\x00\x00\x04\x00\x00\xb6\x01\x00\x00SQLDB2RA\x00\x01\x00\x00\x04\x01\x01\x00\x05\x00\x1d\x00\x88\x00\x00\x00\x01\x00\x00\x80\x00\x00\x00\x01\t\x00\x00\x00\x01\x00\x00@\x00\x00\x00\x01\t\x00\x00\x00\x01\x00\x00@\x00\x00\x00\x01\x08\x00\x00\x00\x04\x00\x00@\x00\x00\x00\x01\x04\x00\x00\x00\x01\x00\x00@\x00\x00\x00@\x04\x00\x00\x00\x04\x00\x00@\x00\x00\x00\x01\x04\x00\x00\x00\x04\x00\x00@\x00\x00\x00\x01\x04\x00\x00\x00\x04\x00\x00@\x00\x00\x00\x01\x04\x00\x00\x00\x02\x00\x00@\x00\x00\x00\x01\x04\x00\x00\x00\x04\x00\x00@\x00\x00\x00\x01\x00\x00\x00\x00\x01\x00\x00@\x00\x00\x00\x00\x04\x00\x00\x00\x04\x00\x00\x80\x00\x00\x00\x01\x04\x00\x00\x00\x04\x00\x00\x80\x00\x00\x00\x01\x04\x00\x00\x00\x03\x00\x00\x80\x00\x00\x00\x01\x04\x00\x00\x00\x04\x00\x00\x80\x00\x00\x00\x01\x08\x00\x00\x00\x01\x00\x00@\x00\x00\x00\x01\x04\x00\x00\x00\x04\x00\x00@\x00\x00\x00\x01\x10\x00\x00\x00\x01\x00\x00\x80\x00\x00\x00\x01\x10\x00\x00\x00\x01\x00\x00\x80\x00\x00\x00\x01\x04\x00\x00\x00\x04\x00\x00@\x00\x00\x00\x01\t\x00\x00\x00\x01\x00\x00@\x00\x00\x00\x01\t\x00\x00\x00\x01\x00\x00\x80\x00\x00\x00\x01\x04\x00\x00\x00\x03\x00\x00\x80\x00\x00\x00\x01\x00\x00\x00\x00\x00\x00\x00\x00\x00\x00\x00\x00\x01\x04\x00\x00\x01\x00\x00\x80\x00\x00\x00\x01\x00\x00\x00\x00\x00\x00\x00\x00\x00\x00\x00\x00\x00\x00\x00\x00\x00\x00\x00\x00\x00\x00\x00\x00\x00\x00\x00\x00\x01\x00\x00@\x00\x00\x00\x01\x00\x00\x00\x00\x01\x00\x00@\x00\x00\x00\x00        \x00\x00\x00\x00\x00\x00\x00\x00\x00\x00\x00\x00\x00\x00\x00\x00\x01\x00\xff\x00\x00\x00\x00\x00\x00\x00\x00\x00\x00\x00\x00\x00\x00\x00\x00\x00\x00\x00\x00\x00\xe4\x04\x00\x00\x00\x00\x00\x00\x00\x00\x00\x00\x00\x00\x00\x00\x00\x00\x00\x00\x00\x7f',
    50004: lambda target, proto: b'\x01\xc2\x00\x00\x00\x04\x00\x00\xb6\x01\x00\x00SQLDB2RA\x00\x01\x00\x00\x04\x01\x01\x00\x05\x00\x1d\x00\x88\x00\x00\x00\x01\x00\x00\x80\x00\x00\x00\x01\t\x00\x00\x00\x01\x00\x00@\x00\x00\x00\x01\t\x00\x00\x00\x01\x00\x00@\x00\x00\x00\x01\x08\x00\x00\x00\x04\x00\x00@\x00\x00\x00\x01\x04\x00\x00\x00\x01\x00\x00@\x00\x00\x00@\x04\x00\x00\x00\x04\x00\x00@\x00\x00\x00\x01\x04\x00\x00\x00\x04\x00\x00@\x00\x00\x00\x01\x04\x00\x00\x00\x04\x00\x00@\x00\x00\x00\x01\x04\x00\x00\x00\x02\x00\x00@\x00\x00\x00\x01\x04\x00\x00\x00\x04\x00\x00@\x00\x00\x00\x01\x00\x00\x00\x00\x01\x00\x00@\x00\x00\x00\x00\x04\x00\x00\x00\x04\x00\x00\x80\x00\x00\x00\x01\x04\x00\x00\x00\x04\x00\x00\x80\x00\x00\x00\x01\x04\x00\x00\x00\x03\x00\x00\x80\x00\x00\x00\x01\x04\x00\x00\x00\x04\x00\x00\x80\x00\x00\x00\x01\x08\x00\x00\x00\x01\x00\x00@\x00\x00\x00\x01\x04\x00\x00\x00\x04\x00\x00@\x00\x00\x00\x01\x10\x00\x00\x00\x01\x00\x00\x80\x00\x00\x00\x01\x10\x00\x00\x00\x01\x00\x00\x80\x00\x00\x00\x01\x04\x00\x00\x00\x04\x00\x00@\x00\x00\x00\x01\t\x00\x00\x00\x01\x00\x00@\x00\x00\x00\x01\t\x00\x00\x00\x01\x00\x00\x80\x00\x00\x00\x01\x04\x00\x00\x00\x03\x00\x00\x80\x00\x00\x00\x01\x00\x00\x00\x00\x00\x00\x00\x00\x00\x00\x00\x00\x01\x04\x00\x00\x01\x00\x00\x80\x00\x00\x00\x01\x00\x00\x00\x00\x00\x00\x00\x00\x00\x00\x00\x00\x00\x00\x00\x00\x00\x00\x00\x00\x00\x00\x00\x00\x00\x00\x00\x00\x01\x00\x00@\x00\x00\x00\x01\x00\x00\x00\x00\x01\x00\x00@\x00\x00\x00\x00        \x00\x00\x00\x00\x00\x00\x00\x00\x00\x00\x00\x00\x00\x00\x00\x00\x01\x00\xff\x00\x00\x00\x00\x00\x00\x00\x00\x00\x00\x00\x00\x00\x00\x00\x00\x00\x00\x00\x00\x00\xe4\x04\x00\x00\x00\x00\x00\x00\x00\x00\x00\x00\x00\x00\x00\x00\x00\x00\x00\x00\x00\x7f',
    50005: lambda target, proto: b'\x01\xc2\x00\x00\x00\x04\x00\x00\xb6\x01\x00\x00SQLDB2RA\x00\x01\x00\x00\x04\x01\x01\x00\x05\x00\x1d\x00\x88\x00\x00\x00\x01\x00\x00\x80\x00\x00\x00\x01\t\x00\x00\x00\x01\x00\x00@\x00\x00\x00\x01\t\x00\x00\x00\x01\x00\x00@\x00\x00\x00\x01\x08\x00\x00\x00\x04\x00\x00@\x00\x00\x00\x01\x04\x00\x00\x00\x01\x00\x00@\x00\x00\x00@\x04\x00\x00\x00\x04\x00\x00@\x00\x00\x00\x01\x04\x00\x00\x00\x04\x00\x00@\x00\x00\x00\x01\x04\x00\x00\x00\x04\x00\x00@\x00\x00\x00\x01\x04\x00\x00\x00\x02\x00\x00@\x00\x00\x00\x01\x04\x00\x00\x00\x04\x00\x00@\x00\x00\x00\x01\x00\x00\x00\x00\x01\x00\x00@\x00\x00\x00\x00\x04\x00\x00\x00\x04\x00\x00\x80\x00\x00\x00\x01\x04\x00\x00\x00\x04\x00\x00\x80\x00\x00\x00\x01\x04\x00\x00\x00\x03\x00\x00\x80\x00\x00\x00\x01\x04\x00\x00\x00\x04\x00\x00\x80\x00\x00\x00\x01\x08\x00\x00\x00\x01\x00\x00@\x00\x00\x00\x01\x04\x00\x00\x00\x04\x00\x00@\x00\x00\x00\x01\x10\x00\x00\x00\x01\x00\x00\x80\x00\x00\x00\x01\x10\x00\x00\x00\x01\x00\x00\x80\x00\x00\x00\x01\x04\x00\x00\x00\x04\x00\x00@\x00\x00\x00\x01\t\x00\x00\x00\x01\x00\x00@\x00\x00\x00\x01\t\x00\x00\x00\x01\x00\x00\x80\x00\x00\x00\x01\x04\x00\x00\x00\x03\x00\x00\x80\x00\x00\x00\x01\x00\x00\x00\x00\x00\x00\x00\x00\x00\x00\x00\x00\x01\x04\x00\x00\x01\x00\x00\x80\x00\x00\x00\x01\x00\x00\x00\x00\x00\x00\x00\x00\x00\x00\x00\x00\x00\x00\x00\x00\x00\x00\x00\x00\x00\x00\x00\x00\x00\x00\x00\x00\x01\x00\x00@\x00\x00\x00\x01\x00\x00\x00\x00\x01\x00\x00@\x00\x00\x00\x00        \x00\x00\x00\x00\x00\x00\x00\x00\x00\x00\x00\x00\x00\x00\x00\x00\x01\x00\xff\x00\x00\x00\x00\x00\x00\x00\x00\x00\x00\x00\x00\x00\x00\x00\x00\x00\x00\x00\x00\x00\xe4\x04\x00\x00\x00\x00\x00\x00\x00\x00\x00\x00\x00\x00\x00\x00\x00\x00\x00\x00\x00\x7f',
    50006: lambda target, proto: b'\x01\xc2\x00\x00\x00\x04\x00\x00\xb6\x01\x00\x00SQLDB2RA\x00\x01\x00\x00\x04\x01\x01\x00\x05\x00\x1d\x00\x88\x00\x00\x00\x01\x00\x00\x80\x00\x00\x00\x01\t\x00\x00\x00\x01\x00\x00@\x00\x00\x00\x01\t\x00\x00\x00\x01\x00\x00@\x00\x00\x00\x01\x08\x00\x00\x00\x04\x00\x00@\x00\x00\x00\x01\x04\x00\x00\x00\x01\x00\x00@\x00\x00\x00@\x04\x00\x00\x00\x04\x00\x00@\x00\x00\x00\x01\x04\x00\x00\x00\x04\x00\x00@\x00\x00\x00\x01\x04\x00\x00\x00\x04\x00\x00@\x00\x00\x00\x01\x04\x00\x00\x00\x02\x00\x00@\x00\x00\x00\x01\x04\x00\x00\x00\x04\x00\x00@\x00\x00\x00\x01\x00\x00\x00\x00\x01\x00\x00@\x00\x00\x00\x00\x04\x00\x00\x00\x04\x00\x00\x80\x00\x00\x00\x01\x04\x00\x00\x00\x04\x00\x00\x80\x00\x00\x00\x01\x04\x00\x00\x00\x03\x00\x00\x80\x00\x00\x00\x01\x04\x00\x00\x00\x04\x00\x00\x80\x00\x00\x00\x01\x08\x00\x00\x00\x01\x00\x00@\x00\x00\x00\x01\x04\x00\x00\x00\x04\x00\x00@\x00\x00\x00\x01\x10\x00\x00\x00\x01\x00\x00\x80\x00\x00\x00\x01\x10\x00\x00\x00\x01\x00\x00\x80\x00\x00\x00\x01\x04\x00\x00\x00\x04\x00\x00@\x00\x00\x00\x01\t\x00\x00\x00\x01\x00\x00@\x00\x00\x00\x01\t\x00\x00\x00\x01\x00\x00\x80\x00\x00\x00\x01\x04\x00\x00\x00\x03\x00\x00\x80\x00\x00\x00\x01\x00\x00\x00\x00\x00\x00\x00\x00\x00\x00\x00\x00\x01\x04\x00\x00\x01\x00\x00\x80\x00\x00\x00\x01\x00\x00\x00\x00\x00\x00\x00\x00\x00\x00\x00\x00\x00\x00\x00\x00\x00\x00\x00\x00\x00\x00\x00\x00\x00\x00\x00\x00\x01\x00\x00@\x00\x00\x00\x01\x00\x00\x00\x00\x01\x00\x00@\x00\x00\x00\x00        \x00\x00\x00\x00\x00\x00\x00\x00\x00\x00\x00\x00\x00\x00\x00\x00\x01\x00\xff\x00\x00\x00\x00\x00\x00\x00\x00\x00\x00\x00\x00\x00\x00\x00\x00\x00\x00\x00\x00\x00\xe4\x04\x00\x00\x00\x00\x00\x00\x00\x00\x00\x00\x00\x00\x00\x00\x00\x00\x00\x00\x00\x7f',
    50007: lambda target, proto: b'\x01\xc2\x00\x00\x00\x04\x00\x00\xb6\x01\x00\x00SQLDB2RA\x00\x01\x00\x00\x04\x01\x01\x00\x05\x00\x1d\x00\x88\x00\x00\x00\x01\x00\x00\x80\x00\x00\x00\x01\t\x00\x00\x00\x01\x00\x00@\x00\x00\x00\x01\t\x00\x00\x00\x01\x00\x00@\x00\x00\x00\x01\x08\x00\x00\x00\x04\x00\x00@\x00\x00\x00\x01\x04\x00\x00\x00\x01\x00\x00@\x00\x00\x00@\x04\x00\x00\x00\x04\x00\x00@\x00\x00\x00\x01\x04\x00\x00\x00\x04\x00\x00@\x00\x00\x00\x01\x04\x00\x00\x00\x04\x00\x00@\x00\x00\x00\x01\x04\x00\x00\x00\x02\x00\x00@\x00\x00\x00\x01\x04\x00\x00\x00\x04\x00\x00@\x00\x00\x00\x01\x00\x00\x00\x00\x01\x00\x00@\x00\x00\x00\x00\x04\x00\x00\x00\x04\x00\x00\x80\x00\x00\x00\x01\x04\x00\x00\x00\x04\x00\x00\x80\x00\x00\x00\x01\x04\x00\x00\x00\x03\x00\x00\x80\x00\x00\x00\x01\x04\x00\x00\x00\x04\x00\x00\x80\x00\x00\x00\x01\x08\x00\x00\x00\x01\x00\x00@\x00\x00\x00\x01\x04\x00\x00\x00\x04\x00\x00@\x00\x00\x00\x01\x10\x00\x00\x00\x01\x00\x00\x80\x00\x00\x00\x01\x10\x00\x00\x00\x01\x00\x00\x80\x00\x00\x00\x01\x04\x00\x00\x00\x04\x00\x00@\x00\x00\x00\x01\t\x00\x00\x00\x01\x00\x00@\x00\x00\x00\x01\t\x00\x00\x00\x01\x00\x00\x80\x00\x00\x00\x01\x04\x00\x00\x00\x03\x00\x00\x80\x00\x00\x00\x01\x00\x00\x00\x00\x00\x00\x00\x00\x00\x00\x00\x00\x01\x04\x00\x00\x01\x00\x00\x80\x00\x00\x00\x01\x00\x00\x00\x00\x00\x00\x00\x00\x00\x00\x00\x00\x00\x00\x00\x00\x00\x00\x00\x00\x00\x00\x00\x00\x00\x00\x00\x00\x01\x00\x00@\x00\x00\x00\x01\x00\x00\x00\x00\x01\x00\x00@\x00\x00\x00\x00        \x00\x00\x00\x00\x00\x00\x00\x00\x00\x00\x00\x00\x00\x00\x00\x00\x01\x00\xff\x00\x00\x00\x00\x00\x00\x00\x00\x00\x00\x00\x00\x00\x00\x00\x00\x00\x00\x00\x00\x00\xe4\x04\x00\x00\x00\x00\x00\x00\x00\x00\x00\x00\x00\x00\x00\x00\x00\x00\x00\x00\x00\x7f',
    50008: lambda target, proto: b'\x01\xc2\x00\x00\x00\x04\x00\x00\xb6\x01\x00\x00SQLDB2RA\x00\x01\x00\x00\x04\x01\x01\x00\x05\x00\x1d\x00\x88\x00\x00\x00\x01\x00\x00\x80\x00\x00\x00\x01\t\x00\x00\x00\x01\x00\x00@\x00\x00\x00\x01\t\x00\x00\x00\x01\x00\x00@\x00\x00\x00\x01\x08\x00\x00\x00\x04\x00\x00@\x00\x00\x00\x01\x04\x00\x00\x00\x01\x00\x00@\x00\x00\x00@\x04\x00\x00\x00\x04\x00\x00@\x00\x00\x00\x01\x04\x00\x00\x00\x04\x00\x00@\x00\x00\x00\x01\x04\x00\x00\x00\x04\x00\x00@\x00\x00\x00\x01\x04\x00\x00\x00\x02\x00\x00@\x00\x00\x00\x01\x04\x00\x00\x00\x04\x00\x00@\x00\x00\x00\x01\x00\x00\x00\x00\x01\x00\x00@\x00\x00\x00\x00\x04\x00\x00\x00\x04\x00\x00\x80\x00\x00\x00\x01\x04\x00\x00\x00\x04\x00\x00\x80\x00\x00\x00\x01\x04\x00\x00\x00\x03\x00\x00\x80\x00\x00\x00\x01\x04\x00\x00\x00\x04\x00\x00\x80\x00\x00\x00\x01\x08\x00\x00\x00\x01\x00\x00@\x00\x00\x00\x01\x04\x00\x00\x00\x04\x00\x00@\x00\x00\x00\x01\x10\x00\x00\x00\x01\x00\x00\x80\x00\x00\x00\x01\x10\x00\x00\x00\x01\x00\x00\x80\x00\x00\x00\x01\x04\x00\x00\x00\x04\x00\x00@\x00\x00\x00\x01\t\x00\x00\x00\x01\x00\x00@\x00\x00\x00\x01\t\x00\x00\x00\x01\x00\x00\x80\x00\x00\x00\x01\x04\x00\x00\x00\x03\x00\x00\x80\x00\x00\x00\x01\x00\x00\x00\x00\x00\x00\x00\x00\x00\x00\x00\x00\x01\x04\x00\x00\x01\x00\x00\x80\x00\x00\x00\x01\x00\x00\x00\x00\x00\x00\x00\x00\x00\x00\x00\x00\x00\x00\x00\x00\x00\x00\x00\x00\x00\x00\x00\x00\x00\x00\x00\x00\x01\x00\x00@\x00\x00\x00\x01\x00\x00\x00\x00\x01\x00\x00@\x00\x00\x00\x00        \x00\x00\x00\x00\x00\x00\x00\x00\x00\x00\x00\x00\x00\x00\x00\x00\x01\x00\xff\x00\x00\x00\x00\x00\x00\x00\x00\x00\x00\x00\x00\x00\x00\x00\x00\x00\x00\x00\x00\x00\xe4\x04\x00\x00\x00\x00\x00\x00\x00\x00\x00\x00\x00\x00\x00\x00\x00\x00\x00\x00\x00\x7f',
    50009: lambda target, proto: b'\x01\xc2\x00\x00\x00\x04\x00\x00\xb6\x01\x00\x00SQLDB2RA\x00\x01\x00\x00\x04\x01\x01\x00\x05\x00\x1d\x00\x88\x00\x00\x00\x01\x00\x00\x80\x00\x00\x00\x01\t\x00\x00\x00\x01\x00\x00@\x00\x00\x00\x01\t\x00\x00\x00\x01\x00\x00@\x00\x00\x00\x01\x08\x00\x00\x00\x04\x00\x00@\x00\x00\x00\x01\x04\x00\x00\x00\x01\x00\x00@\x00\x00\x00@\x04\x00\x00\x00\x04\x00\x00@\x00\x00\x00\x01\x04\x00\x00\x00\x04\x00\x00@\x00\x00\x00\x01\x04\x00\x00\x00\x04\x00\x00@\x00\x00\x00\x01\x04\x00\x00\x00\x02\x00\x00@\x00\x00\x00\x01\x04\x00\x00\x00\x04\x00\x00@\x00\x00\x00\x01\x00\x00\x00\x00\x01\x00\x00@\x00\x00\x00\x00\x04\x00\x00\x00\x04\x00\x00\x80\x00\x00\x00\x01\x04\x00\x00\x00\x04\x00\x00\x80\x00\x00\x00\x01\x04\x00\x00\x00\x03\x00\x00\x80\x00\x00\x00\x01\x04\x00\x00\x00\x04\x00\x00\x80\x00\x00\x00\x01\x08\x00\x00\x00\x01\x00\x00@\x00\x00\x00\x01\x04\x00\x00\x00\x04\x00\x00@\x00\x00\x00\x01\x10\x00\x00\x00\x01\x00\x00\x80\x00\x00\x00\x01\x10\x00\x00\x00\x01\x00\x00\x80\x00\x00\x00\x01\x04\x00\x00\x00\x04\x00\x00@\x00\x00\x00\x01\t\x00\x00\x00\x01\x00\x00@\x00\x00\x00\x01\t\x00\x00\x00\x01\x00\x00\x80\x00\x00\x00\x01\x04\x00\x00\x00\x03\x00\x00\x80\x00\x00\x00\x01\x00\x00\x00\x00\x00\x00\x00\x00\x00\x00\x00\x00\x01\x04\x00\x00\x01\x00\x00\x80\x00\x00\x00\x01\x00\x00\x00\x00\x00\x00\x00\x00\x00\x00\x00\x00\x00\x00\x00\x00\x00\x00\x00\x00\x00\x00\x00\x00\x00\x00\x00\x00\x01\x00\x00@\x00\x00\x00\x01\x00\x00\x00\x00\x01\x00\x00@\x00\x00\x00\x00        \x00\x00\x00\x00\x00\x00\x00\x00\x00\x00\x00\x00\x00\x00\x00\x00\x01\x00\xff\x00\x00\x00\x00\x00\x00\x00\x00\x00\x00\x00\x00\x00\x00\x00\x00\x00\x00\x00\x00\x00\xe4\x04\x00\x00\x00\x00\x00\x00\x00\x00\x00\x00\x00\x00\x00\x00\x00\x00\x00\x00\x00\x7f',
    50010: lambda target, proto: b'\x01\xc2\x00\x00\x00\x04\x00\x00\xb6\x01\x00\x00SQLDB2RA\x00\x01\x00\x00\x04\x01\x01\x00\x05\x00\x1d\x00\x88\x00\x00\x00\x01\x00\x00\x80\x00\x00\x00\x01\t\x00\x00\x00\x01\x00\x00@\x00\x00\x00\x01\t\x00\x00\x00\x01\x00\x00@\x00\x00\x00\x01\x08\x00\x00\x00\x04\x00\x00@\x00\x00\x00\x01\x04\x00\x00\x00\x01\x00\x00@\x00\x00\x00@\x04\x00\x00\x00\x04\x00\x00@\x00\x00\x00\x01\x04\x00\x00\x00\x04\x00\x00@\x00\x00\x00\x01\x04\x00\x00\x00\x04\x00\x00@\x00\x00\x00\x01\x04\x00\x00\x00\x02\x00\x00@\x00\x00\x00\x01\x04\x00\x00\x00\x04\x00\x00@\x00\x00\x00\x01\x00\x00\x00\x00\x01\x00\x00@\x00\x00\x00\x00\x04\x00\x00\x00\x04\x00\x00\x80\x00\x00\x00\x01\x04\x00\x00\x00\x04\x00\x00\x80\x00\x00\x00\x01\x04\x00\x00\x00\x03\x00\x00\x80\x00\x00\x00\x01\x04\x00\x00\x00\x04\x00\x00\x80\x00\x00\x00\x01\x08\x00\x00\x00\x01\x00\x00@\x00\x00\x00\x01\x04\x00\x00\x00\x04\x00\x00@\x00\x00\x00\x01\x10\x00\x00\x00\x01\x00\x00\x80\x00\x00\x00\x01\x10\x00\x00\x00\x01\x00\x00\x80\x00\x00\x00\x01\x04\x00\x00\x00\x04\x00\x00@\x00\x00\x00\x01\t\x00\x00\x00\x01\x00\x00@\x00\x00\x00\x01\t\x00\x00\x00\x01\x00\x00\x80\x00\x00\x00\x01\x04\x00\x00\x00\x03\x00\x00\x80\x00\x00\x00\x01\x00\x00\x00\x00\x00\x00\x00\x00\x00\x00\x00\x00\x01\x04\x00\x00\x01\x00\x00\x80\x00\x00\x00\x01\x00\x00\x00\x00\x00\x00\x00\x00\x00\x00\x00\x00\x00\x00\x00\x00\x00\x00\x00\x00\x00\x00\x00\x00\x00\x00\x00\x00\x01\x00\x00@\x00\x00\x00\x01\x00\x00\x00\x00\x01\x00\x00@\x00\x00\x00\x00        \x00\x00\x00\x00\x00\x00\x00\x00\x00\x00\x00\x00\x00\x00\x00\x00\x01\x00\xff\x00\x00\x00\x00\x00\x00\x00\x00\x00\x00\x00\x00\x00\x00\x00\x00\x00\x00\x00\x00\x00\xe4\x04\x00\x00\x00\x00\x00\x00\x00\x00\x00\x00\x00\x00\x00\x00\x00\x00\x00\x00\x00\x7f',
    50011: lambda target, proto: b'\x01\xc2\x00\x00\x00\x04\x00\x00\xb6\x01\x00\x00SQLDB2RA\x00\x01\x00\x00\x04\x01\x01\x00\x05\x00\x1d\x00\x88\x00\x00\x00\x01\x00\x00\x80\x00\x00\x00\x01\t\x00\x00\x00\x01\x00\x00@\x00\x00\x00\x01\t\x00\x00\x00\x01\x00\x00@\x00\x00\x00\x01\x08\x00\x00\x00\x04\x00\x00@\x00\x00\x00\x01\x04\x00\x00\x00\x01\x00\x00@\x00\x00\x00@\x04\x00\x00\x00\x04\x00\x00@\x00\x00\x00\x01\x04\x00\x00\x00\x04\x00\x00@\x00\x00\x00\x01\x04\x00\x00\x00\x04\x00\x00@\x00\x00\x00\x01\x04\x00\x00\x00\x02\x00\x00@\x00\x00\x00\x01\x04\x00\x00\x00\x04\x00\x00@\x00\x00\x00\x01\x00\x00\x00\x00\x01\x00\x00@\x00\x00\x00\x00\x04\x00\x00\x00\x04\x00\x00\x80\x00\x00\x00\x01\x04\x00\x00\x00\x04\x00\x00\x80\x00\x00\x00\x01\x04\x00\x00\x00\x03\x00\x00\x80\x00\x00\x00\x01\x04\x00\x00\x00\x04\x00\x00\x80\x00\x00\x00\x01\x08\x00\x00\x00\x01\x00\x00@\x00\x00\x00\x01\x04\x00\x00\x00\x04\x00\x00@\x00\x00\x00\x01\x10\x00\x00\x00\x01\x00\x00\x80\x00\x00\x00\x01\x10\x00\x00\x00\x01\x00\x00\x80\x00\x00\x00\x01\x04\x00\x00\x00\x04\x00\x00@\x00\x00\x00\x01\t\x00\x00\x00\x01\x00\x00@\x00\x00\x00\x01\t\x00\x00\x00\x01\x00\x00\x80\x00\x00\x00\x01\x04\x00\x00\x00\x03\x00\x00\x80\x00\x00\x00\x01\x00\x00\x00\x00\x00\x00\x00\x00\x00\x00\x00\x00\x01\x04\x00\x00\x01\x00\x00\x80\x00\x00\x00\x01\x00\x00\x00\x00\x00\x00\x00\x00\x00\x00\x00\x00\x00\x00\x00\x00\x00\x00\x00\x00\x00\x00\x00\x00\x00\x00\x00\x00\x01\x00\x00@\x00\x00\x00\x01\x00\x00\x00\x00\x01\x00\x00@\x00\x00\x00\x00        \x00\x00\x00\x00\x00\x00\x00\x00\x00\x00\x00\x00\x00\x00\x00\x00\x01\x00\xff\x00\x00\x00\x00\x00\x00\x00\x00\x00\x00\x00\x00\x00\x00\x00\x00\x00\x00\x00\x00\x00\xe4\x04\x00\x00\x00\x00\x00\x00\x00\x00\x00\x00\x00\x00\x00\x00\x00\x00\x00\x00\x00\x7f',
    50012: lambda target, proto: b'\x01\xc2\x00\x00\x00\x04\x00\x00\xb6\x01\x00\x00SQLDB2RA\x00\x01\x00\x00\x04\x01\x01\x00\x05\x00\x1d\x00\x88\x00\x00\x00\x01\x00\x00\x80\x00\x00\x00\x01\t\x00\x00\x00\x01\x00\x00@\x00\x00\x00\x01\t\x00\x00\x00\x01\x00\x00@\x00\x00\x00\x01\x08\x00\x00\x00\x04\x00\x00@\x00\x00\x00\x01\x04\x00\x00\x00\x01\x00\x00@\x00\x00\x00@\x04\x00\x00\x00\x04\x00\x00@\x00\x00\x00\x01\x04\x00\x00\x00\x04\x00\x00@\x00\x00\x00\x01\x04\x00\x00\x00\x04\x00\x00@\x00\x00\x00\x01\x04\x00\x00\x00\x02\x00\x00@\x00\x00\x00\x01\x04\x00\x00\x00\x04\x00\x00@\x00\x00\x00\x01\x00\x00\x00\x00\x01\x00\x00@\x00\x00\x00\x00\x04\x00\x00\x00\x04\x00\x00\x80\x00\x00\x00\x01\x04\x00\x00\x00\x04\x00\x00\x80\x00\x00\x00\x01\x04\x00\x00\x00\x03\x00\x00\x80\x00\x00\x00\x01\x04\x00\x00\x00\x04\x00\x00\x80\x00\x00\x00\x01\x08\x00\x00\x00\x01\x00\x00@\x00\x00\x00\x01\x04\x00\x00\x00\x04\x00\x00@\x00\x00\x00\x01\x10\x00\x00\x00\x01\x00\x00\x80\x00\x00\x00\x01\x10\x00\x00\x00\x01\x00\x00\x80\x00\x00\x00\x01\x04\x00\x00\x00\x04\x00\x00@\x00\x00\x00\x01\t\x00\x00\x00\x01\x00\x00@\x00\x00\x00\x01\t\x00\x00\x00\x01\x00\x00\x80\x00\x00\x00\x01\x04\x00\x00\x00\x03\x00\x00\x80\x00\x00\x00\x01\x00\x00\x00\x00\x00\x00\x00\x00\x00\x00\x00\x00\x01\x04\x00\x00\x01\x00\x00\x80\x00\x00\x00\x01\x00\x00\x00\x00\x00\x00\x00\x00\x00\x00\x00\x00\x00\x00\x00\x00\x00\x00\x00\x00\x00\x00\x00\x00\x00\x00\x00\x00\x01\x00\x00@\x00\x00\x00\x01\x00\x00\x00\x00\x01\x00\x00@\x00\x00\x00\x00        \x00\x00\x00\x00\x00\x00\x00\x00\x00\x00\x00\x00\x00\x00\x00\x00\x01\x00\xff\x00\x00\x00\x00\x00\x00\x00\x00\x00\x00\x00\x00\x00\x00\x00\x00\x00\x00\x00\x00\x00\xe4\x04\x00\x00\x00\x00\x00\x00\x00\x00\x00\x00\x00\x00\x00\x00\x00\x00\x00\x00\x00\x7f',
    50013: lambda target, proto: b'\x01\xc2\x00\x00\x00\x04\x00\x00\xb6\x01\x00\x00SQLDB2RA\x00\x01\x00\x00\x04\x01\x01\x00\x05\x00\x1d\x00\x88\x00\x00\x00\x01\x00\x00\x80\x00\x00\x00\x01\t\x00\x00\x00\x01\x00\x00@\x00\x00\x00\x01\t\x00\x00\x00\x01\x00\x00@\x00\x00\x00\x01\x08\x00\x00\x00\x04\x00\x00@\x00\x00\x00\x01\x04\x00\x00\x00\x01\x00\x00@\x00\x00\x00@\x04\x00\x00\x00\x04\x00\x00@\x00\x00\x00\x01\x04\x00\x00\x00\x04\x00\x00@\x00\x00\x00\x01\x04\x00\x00\x00\x04\x00\x00@\x00\x00\x00\x01\x04\x00\x00\x00\x02\x00\x00@\x00\x00\x00\x01\x04\x00\x00\x00\x04\x00\x00@\x00\x00\x00\x01\x00\x00\x00\x00\x01\x00\x00@\x00\x00\x00\x00\x04\x00\x00\x00\x04\x00\x00\x80\x00\x00\x00\x01\x04\x00\x00\x00\x04\x00\x00\x80\x00\x00\x00\x01\x04\x00\x00\x00\x03\x00\x00\x80\x00\x00\x00\x01\x04\x00\x00\x00\x04\x00\x00\x80\x00\x00\x00\x01\x08\x00\x00\x00\x01\x00\x00@\x00\x00\x00\x01\x04\x00\x00\x00\x04\x00\x00@\x00\x00\x00\x01\x10\x00\x00\x00\x01\x00\x00\x80\x00\x00\x00\x01\x10\x00\x00\x00\x01\x00\x00\x80\x00\x00\x00\x01\x04\x00\x00\x00\x04\x00\x00@\x00\x00\x00\x01\t\x00\x00\x00\x01\x00\x00@\x00\x00\x00\x01\t\x00\x00\x00\x01\x00\x00\x80\x00\x00\x00\x01\x04\x00\x00\x00\x03\x00\x00\x80\x00\x00\x00\x01\x00\x00\x00\x00\x00\x00\x00\x00\x00\x00\x00\x00\x01\x04\x00\x00\x01\x00\x00\x80\x00\x00\x00\x01\x00\x00\x00\x00\x00\x00\x00\x00\x00\x00\x00\x00\x00\x00\x00\x00\x00\x00\x00\x00\x00\x00\x00\x00\x00\x00\x00\x00\x01\x00\x00@\x00\x00\x00\x01\x00\x00\x00\x00\x01\x00\x00@\x00\x00\x00\x00        \x00\x00\x00\x00\x00\x00\x00\x00\x00\x00\x00\x00\x00\x00\x00\x00\x01\x00\xff\x00\x00\x00\x00\x00\x00\x00\x00\x00\x00\x00\x00\x00\x00\x00\x00\x00\x00\x00\x00\x00\xe4\x04\x00\x00\x00\x00\x00\x00\x00\x00\x00\x00\x00\x00\x00\x00\x00\x00\x00\x00\x00\x7f',
    50014: lambda target, proto: b'\x01\xc2\x00\x00\x00\x04\x00\x00\xb6\x01\x00\x00SQLDB2RA\x00\x01\x00\x00\x04\x01\x01\x00\x05\x00\x1d\x00\x88\x00\x00\x00\x01\x00\x00\x80\x00\x00\x00\x01\t\x00\x00\x00\x01\x00\x00@\x00\x00\x00\x01\t\x00\x00\x00\x01\x00\x00@\x00\x00\x00\x01\x08\x00\x00\x00\x04\x00\x00@\x00\x00\x00\x01\x04\x00\x00\x00\x01\x00\x00@\x00\x00\x00@\x04\x00\x00\x00\x04\x00\x00@\x00\x00\x00\x01\x04\x00\x00\x00\x04\x00\x00@\x00\x00\x00\x01\x04\x00\x00\x00\x04\x00\x00@\x00\x00\x00\x01\x04\x00\x00\x00\x02\x00\x00@\x00\x00\x00\x01\x04\x00\x00\x00\x04\x00\x00@\x00\x00\x00\x01\x00\x00\x00\x00\x01\x00\x00@\x00\x00\x00\x00\x04\x00\x00\x00\x04\x00\x00\x80\x00\x00\x00\x01\x04\x00\x00\x00\x04\x00\x00\x80\x00\x00\x00\x01\x04\x00\x00\x00\x03\x00\x00\x80\x00\x00\x00\x01\x04\x00\x00\x00\x04\x00\x00\x80\x00\x00\x00\x01\x08\x00\x00\x00\x01\x00\x00@\x00\x00\x00\x01\x04\x00\x00\x00\x04\x00\x00@\x00\x00\x00\x01\x10\x00\x00\x00\x01\x00\x00\x80\x00\x00\x00\x01\x10\x00\x00\x00\x01\x00\x00\x80\x00\x00\x00\x01\x04\x00\x00\x00\x04\x00\x00@\x00\x00\x00\x01\t\x00\x00\x00\x01\x00\x00@\x00\x00\x00\x01\t\x00\x00\x00\x01\x00\x00\x80\x00\x00\x00\x01\x04\x00\x00\x00\x03\x00\x00\x80\x00\x00\x00\x01\x00\x00\x00\x00\x00\x00\x00\x00\x00\x00\x00\x00\x01\x04\x00\x00\x01\x00\x00\x80\x00\x00\x00\x01\x00\x00\x00\x00\x00\x00\x00\x00\x00\x00\x00\x00\x00\x00\x00\x00\x00\x00\x00\x00\x00\x00\x00\x00\x00\x00\x00\x00\x01\x00\x00@\x00\x00\x00\x01\x00\x00\x00\x00\x01\x00\x00@\x00\x00\x00\x00        \x00\x00\x00\x00\x00\x00\x00\x00\x00\x00\x00\x00\x00\x00\x00\x00\x01\x00\xff\x00\x00\x00\x00\x00\x00\x00\x00\x00\x00\x00\x00\x00\x00\x00\x00\x00\x00\x00\x00\x00\xe4\x04\x00\x00\x00\x00\x00\x00\x00\x00\x00\x00\x00\x00\x00\x00\x00\x00\x00\x00\x00\x7f',
    50015: lambda target, proto: b'\x01\xc2\x00\x00\x00\x04\x00\x00\xb6\x01\x00\x00SQLDB2RA\x00\x01\x00\x00\x04\x01\x01\x00\x05\x00\x1d\x00\x88\x00\x00\x00\x01\x00\x00\x80\x00\x00\x00\x01\t\x00\x00\x00\x01\x00\x00@\x00\x00\x00\x01\t\x00\x00\x00\x01\x00\x00@\x00\x00\x00\x01\x08\x00\x00\x00\x04\x00\x00@\x00\x00\x00\x01\x04\x00\x00\x00\x01\x00\x00@\x00\x00\x00@\x04\x00\x00\x00\x04\x00\x00@\x00\x00\x00\x01\x04\x00\x00\x00\x04\x00\x00@\x00\x00\x00\x01\x04\x00\x00\x00\x04\x00\x00@\x00\x00\x00\x01\x04\x00\x00\x00\x02\x00\x00@\x00\x00\x00\x01\x04\x00\x00\x00\x04\x00\x00@\x00\x00\x00\x01\x00\x00\x00\x00\x01\x00\x00@\x00\x00\x00\x00\x04\x00\x00\x00\x04\x00\x00\x80\x00\x00\x00\x01\x04\x00\x00\x00\x04\x00\x00\x80\x00\x00\x00\x01\x04\x00\x00\x00\x03\x00\x00\x80\x00\x00\x00\x01\x04\x00\x00\x00\x04\x00\x00\x80\x00\x00\x00\x01\x08\x00\x00\x00\x01\x00\x00@\x00\x00\x00\x01\x04\x00\x00\x00\x04\x00\x00@\x00\x00\x00\x01\x10\x00\x00\x00\x01\x00\x00\x80\x00\x00\x00\x01\x10\x00\x00\x00\x01\x00\x00\x80\x00\x00\x00\x01\x04\x00\x00\x00\x04\x00\x00@\x00\x00\x00\x01\t\x00\x00\x00\x01\x00\x00@\x00\x00\x00\x01\t\x00\x00\x00\x01\x00\x00\x80\x00\x00\x00\x01\x04\x00\x00\x00\x03\x00\x00\x80\x00\x00\x00\x01\x00\x00\x00\x00\x00\x00\x00\x00\x00\x00\x00\x00\x01\x04\x00\x00\x01\x00\x00\x80\x00\x00\x00\x01\x00\x00\x00\x00\x00\x00\x00\x00\x00\x00\x00\x00\x00\x00\x00\x00\x00\x00\x00\x00\x00\x00\x00\x00\x00\x00\x00\x00\x01\x00\x00@\x00\x00\x00\x01\x00\x00\x00\x00\x01\x00\x00@\x00\x00\x00\x00        \x00\x00\x00\x00\x00\x00\x00\x00\x00\x00\x00\x00\x00\x00\x00\x00\x01\x00\xff\x00\x00\x00\x00\x00\x00\x00\x00\x00\x00\x00\x00\x00\x00\x00\x00\x00\x00\x00\x00\x00\xe4\x04\x00\x00\x00\x00\x00\x00\x00\x00\x00\x00\x00\x00\x00\x00\x00\x00\x00\x00\x00\x7f',
    50016: lambda target, proto: b'\x01\xc2\x00\x00\x00\x04\x00\x00\xb6\x01\x00\x00SQLDB2RA\x00\x01\x00\x00\x04\x01\x01\x00\x05\x00\x1d\x00\x88\x00\x00\x00\x01\x00\x00\x80\x00\x00\x00\x01\t\x00\x00\x00\x01\x00\x00@\x00\x00\x00\x01\t\x00\x00\x00\x01\x00\x00@\x00\x00\x00\x01\x08\x00\x00\x00\x04\x00\x00@\x00\x00\x00\x01\x04\x00\x00\x00\x01\x00\x00@\x00\x00\x00@\x04\x00\x00\x00\x04\x00\x00@\x00\x00\x00\x01\x04\x00\x00\x00\x04\x00\x00@\x00\x00\x00\x01\x04\x00\x00\x00\x04\x00\x00@\x00\x00\x00\x01\x04\x00\x00\x00\x02\x00\x00@\x00\x00\x00\x01\x04\x00\x00\x00\x04\x00\x00@\x00\x00\x00\x01\x00\x00\x00\x00\x01\x00\x00@\x00\x00\x00\x00\x04\x00\x00\x00\x04\x00\x00\x80\x00\x00\x00\x01\x04\x00\x00\x00\x04\x00\x00\x80\x00\x00\x00\x01\x04\x00\x00\x00\x03\x00\x00\x80\x00\x00\x00\x01\x04\x00\x00\x00\x04\x00\x00\x80\x00\x00\x00\x01\x08\x00\x00\x00\x01\x00\x00@\x00\x00\x00\x01\x04\x00\x00\x00\x04\x00\x00@\x00\x00\x00\x01\x10\x00\x00\x00\x01\x00\x00\x80\x00\x00\x00\x01\x10\x00\x00\x00\x01\x00\x00\x80\x00\x00\x00\x01\x04\x00\x00\x00\x04\x00\x00@\x00\x00\x00\x01\t\x00\x00\x00\x01\x00\x00@\x00\x00\x00\x01\t\x00\x00\x00\x01\x00\x00\x80\x00\x00\x00\x01\x04\x00\x00\x00\x03\x00\x00\x80\x00\x00\x00\x01\x00\x00\x00\x00\x00\x00\x00\x00\x00\x00\x00\x00\x01\x04\x00\x00\x01\x00\x00\x80\x00\x00\x00\x01\x00\x00\x00\x00\x00\x00\x00\x00\x00\x00\x00\x00\x00\x00\x00\x00\x00\x00\x00\x00\x00\x00\x00\x00\x00\x00\x00\x00\x01\x00\x00@\x00\x00\x00\x01\x00\x00\x00\x00\x01\x00\x00@\x00\x00\x00\x00        \x00\x00\x00\x00\x00\x00\x00\x00\x00\x00\x00\x00\x00\x00\x00\x00\x01\x00\xff\x00\x00\x00\x00\x00\x00\x00\x00\x00\x00\x00\x00\x00\x00\x00\x00\x00\x00\x00\x00\x00\xe4\x04\x00\x00\x00\x00\x00\x00\x00\x00\x00\x00\x00\x00\x00\x00\x00\x00\x00\x00\x00\x7f',
    50017: lambda target, proto: b'\x01\xc2\x00\x00\x00\x04\x00\x00\xb6\x01\x00\x00SQLDB2RA\x00\x01\x00\x00\x04\x01\x01\x00\x05\x00\x1d\x00\x88\x00\x00\x00\x01\x00\x00\x80\x00\x00\x00\x01\t\x00\x00\x00\x01\x00\x00@\x00\x00\x00\x01\t\x00\x00\x00\x01\x00\x00@\x00\x00\x00\x01\x08\x00\x00\x00\x04\x00\x00@\x00\x00\x00\x01\x04\x00\x00\x00\x01\x00\x00@\x00\x00\x00@\x04\x00\x00\x00\x04\x00\x00@\x00\x00\x00\x01\x04\x00\x00\x00\x04\x00\x00@\x00\x00\x00\x01\x04\x00\x00\x00\x04\x00\x00@\x00\x00\x00\x01\x04\x00\x00\x00\x02\x00\x00@\x00\x00\x00\x01\x04\x00\x00\x00\x04\x00\x00@\x00\x00\x00\x01\x00\x00\x00\x00\x01\x00\x00@\x00\x00\x00\x00\x04\x00\x00\x00\x04\x00\x00\x80\x00\x00\x00\x01\x04\x00\x00\x00\x04\x00\x00\x80\x00\x00\x00\x01\x04\x00\x00\x00\x03\x00\x00\x80\x00\x00\x00\x01\x04\x00\x00\x00\x04\x00\x00\x80\x00\x00\x00\x01\x08\x00\x00\x00\x01\x00\x00@\x00\x00\x00\x01\x04\x00\x00\x00\x04\x00\x00@\x00\x00\x00\x01\x10\x00\x00\x00\x01\x00\x00\x80\x00\x00\x00\x01\x10\x00\x00\x00\x01\x00\x00\x80\x00\x00\x00\x01\x04\x00\x00\x00\x04\x00\x00@\x00\x00\x00\x01\t\x00\x00\x00\x01\x00\x00@\x00\x00\x00\x01\t\x00\x00\x00\x01\x00\x00\x80\x00\x00\x00\x01\x04\x00\x00\x00\x03\x00\x00\x80\x00\x00\x00\x01\x00\x00\x00\x00\x00\x00\x00\x00\x00\x00\x00\x00\x01\x04\x00\x00\x01\x00\x00\x80\x00\x00\x00\x01\x00\x00\x00\x00\x00\x00\x00\x00\x00\x00\x00\x00\x00\x00\x00\x00\x00\x00\x00\x00\x00\x00\x00\x00\x00\x00\x00\x00\x01\x00\x00@\x00\x00\x00\x01\x00\x00\x00\x00\x01\x00\x00@\x00\x00\x00\x00        \x00\x00\x00\x00\x00\x00\x00\x00\x00\x00\x00\x00\x00\x00\x00\x00\x01\x00\xff\x00\x00\x00\x00\x00\x00\x00\x00\x00\x00\x00\x00\x00\x00\x00\x00\x00\x00\x00\x00\x00\xe4\x04\x00\x00\x00\x00\x00\x00\x00\x00\x00\x00\x00\x00\x00\x00\x00\x00\x00\x00\x00\x7f',
    50018: lambda target, proto: b'\x01\xc2\x00\x00\x00\x04\x00\x00\xb6\x01\x00\x00SQLDB2RA\x00\x01\x00\x00\x04\x01\x01\x00\x05\x00\x1d\x00\x88\x00\x00\x00\x01\x00\x00\x80\x00\x00\x00\x01\t\x00\x00\x00\x01\x00\x00@\x00\x00\x00\x01\t\x00\x00\x00\x01\x00\x00@\x00\x00\x00\x01\x08\x00\x00\x00\x04\x00\x00@\x00\x00\x00\x01\x04\x00\x00\x00\x01\x00\x00@\x00\x00\x00@\x04\x00\x00\x00\x04\x00\x00@\x00\x00\x00\x01\x04\x00\x00\x00\x04\x00\x00@\x00\x00\x00\x01\x04\x00\x00\x00\x04\x00\x00@\x00\x00\x00\x01\x04\x00\x00\x00\x02\x00\x00@\x00\x00\x00\x01\x04\x00\x00\x00\x04\x00\x00@\x00\x00\x00\x01\x00\x00\x00\x00\x01\x00\x00@\x00\x00\x00\x00\x04\x00\x00\x00\x04\x00\x00\x80\x00\x00\x00\x01\x04\x00\x00\x00\x04\x00\x00\x80\x00\x00\x00\x01\x04\x00\x00\x00\x03\x00\x00\x80\x00\x00\x00\x01\x04\x00\x00\x00\x04\x00\x00\x80\x00\x00\x00\x01\x08\x00\x00\x00\x01\x00\x00@\x00\x00\x00\x01\x04\x00\x00\x00\x04\x00\x00@\x00\x00\x00\x01\x10\x00\x00\x00\x01\x00\x00\x80\x00\x00\x00\x01\x10\x00\x00\x00\x01\x00\x00\x80\x00\x00\x00\x01\x04\x00\x00\x00\x04\x00\x00@\x00\x00\x00\x01\t\x00\x00\x00\x01\x00\x00@\x00\x00\x00\x01\t\x00\x00\x00\x01\x00\x00\x80\x00\x00\x00\x01\x04\x00\x00\x00\x03\x00\x00\x80\x00\x00\x00\x01\x00\x00\x00\x00\x00\x00\x00\x00\x00\x00\x00\x00\x01\x04\x00\x00\x01\x00\x00\x80\x00\x00\x00\x01\x00\x00\x00\x00\x00\x00\x00\x00\x00\x00\x00\x00\x00\x00\x00\x00\x00\x00\x00\x00\x00\x00\x00\x00\x00\x00\x00\x00\x01\x00\x00@\x00\x00\x00\x01\x00\x00\x00\x00\x01\x00\x00@\x00\x00\x00\x00        \x00\x00\x00\x00\x00\x00\x00\x00\x00\x00\x00\x00\x00\x00\x00\x00\x01\x00\xff\x00\x00\x00\x00\x00\x00\x00\x00\x00\x00\x00\x00\x00\x00\x00\x00\x00\x00\x00\x00\x00\xe4\x04\x00\x00\x00\x00\x00\x00\x00\x00\x00\x00\x00\x00\x00\x00\x00\x00\x00\x00\x00\x7f',
    50019: lambda target, proto: b'\x01\xc2\x00\x00\x00\x04\x00\x00\xb6\x01\x00\x00SQLDB2RA\x00\x01\x00\x00\x04\x01\x01\x00\x05\x00\x1d\x00\x88\x00\x00\x00\x01\x00\x00\x80\x00\x00\x00\x01\t\x00\x00\x00\x01\x00\x00@\x00\x00\x00\x01\t\x00\x00\x00\x01\x00\x00@\x00\x00\x00\x01\x08\x00\x00\x00\x04\x00\x00@\x00\x00\x00\x01\x04\x00\x00\x00\x01\x00\x00@\x00\x00\x00@\x04\x00\x00\x00\x04\x00\x00@\x00\x00\x00\x01\x04\x00\x00\x00\x04\x00\x00@\x00\x00\x00\x01\x04\x00\x00\x00\x04\x00\x00@\x00\x00\x00\x01\x04\x00\x00\x00\x02\x00\x00@\x00\x00\x00\x01\x04\x00\x00\x00\x04\x00\x00@\x00\x00\x00\x01\x00\x00\x00\x00\x01\x00\x00@\x00\x00\x00\x00\x04\x00\x00\x00\x04\x00\x00\x80\x00\x00\x00\x01\x04\x00\x00\x00\x04\x00\x00\x80\x00\x00\x00\x01\x04\x00\x00\x00\x03\x00\x00\x80\x00\x00\x00\x01\x04\x00\x00\x00\x04\x00\x00\x80\x00\x00\x00\x01\x08\x00\x00\x00\x01\x00\x00@\x00\x00\x00\x01\x04\x00\x00\x00\x04\x00\x00@\x00\x00\x00\x01\x10\x00\x00\x00\x01\x00\x00\x80\x00\x00\x00\x01\x10\x00\x00\x00\x01\x00\x00\x80\x00\x00\x00\x01\x04\x00\x00\x00\x04\x00\x00@\x00\x00\x00\x01\t\x00\x00\x00\x01\x00\x00@\x00\x00\x00\x01\t\x00\x00\x00\x01\x00\x00\x80\x00\x00\x00\x01\x04\x00\x00\x00\x03\x00\x00\x80\x00\x00\x00\x01\x00\x00\x00\x00\x00\x00\x00\x00\x00\x00\x00\x00\x01\x04\x00\x00\x01\x00\x00\x80\x00\x00\x00\x01\x00\x00\x00\x00\x00\x00\x00\x00\x00\x00\x00\x00\x00\x00\x00\x00\x00\x00\x00\x00\x00\x00\x00\x00\x00\x00\x00\x00\x01\x00\x00@\x00\x00\x00\x01\x00\x00\x00\x00\x01\x00\x00@\x00\x00\x00\x00        \x00\x00\x00\x00\x00\x00\x00\x00\x00\x00\x00\x00\x00\x00\x00\x00\x01\x00\xff\x00\x00\x00\x00\x00\x00\x00\x00\x00\x00\x00\x00\x00\x00\x00\x00\x00\x00\x00\x00\x00\xe4\x04\x00\x00\x00\x00\x00\x00\x00\x00\x00\x00\x00\x00\x00\x00\x00\x00\x00\x00\x00\x7f',
    50020: lambda target, proto: b'\x01\xc2\x00\x00\x00\x04\x00\x00\xb6\x01\x00\x00SQLDB2RA\x00\x01\x00\x00\x04\x01\x01\x00\x05\x00\x1d\x00\x88\x00\x00\x00\x01\x00\x00\x80\x00\x00\x00\x01\t\x00\x00\x00\x01\x00\x00@\x00\x00\x00\x01\t\x00\x00\x00\x01\x00\x00@\x00\x00\x00\x01\x08\x00\x00\x00\x04\x00\x00@\x00\x00\x00\x01\x04\x00\x00\x00\x01\x00\x00@\x00\x00\x00@\x04\x00\x00\x00\x04\x00\x00@\x00\x00\x00\x01\x04\x00\x00\x00\x04\x00\x00@\x00\x00\x00\x01\x04\x00\x00\x00\x04\x00\x00@\x00\x00\x00\x01\x04\x00\x00\x00\x02\x00\x00@\x00\x00\x00\x01\x04\x00\x00\x00\x04\x00\x00@\x00\x00\x00\x01\x00\x00\x00\x00\x01\x00\x00@\x00\x00\x00\x00\x04\x00\x00\x00\x04\x00\x00\x80\x00\x00\x00\x01\x04\x00\x00\x00\x04\x00\x00\x80\x00\x00\x00\x01\x04\x00\x00\x00\x03\x00\x00\x80\x00\x00\x00\x01\x04\x00\x00\x00\x04\x00\x00\x80\x00\x00\x00\x01\x08\x00\x00\x00\x01\x00\x00@\x00\x00\x00\x01\x04\x00\x00\x00\x04\x00\x00@\x00\x00\x00\x01\x10\x00\x00\x00\x01\x00\x00\x80\x00\x00\x00\x01\x10\x00\x00\x00\x01\x00\x00\x80\x00\x00\x00\x01\x04\x00\x00\x00\x04\x00\x00@\x00\x00\x00\x01\t\x00\x00\x00\x01\x00\x00@\x00\x00\x00\x01\t\x00\x00\x00\x01\x00\x00\x80\x00\x00\x00\x01\x04\x00\x00\x00\x03\x00\x00\x80\x00\x00\x00\x01\x00\x00\x00\x00\x00\x00\x00\x00\x00\x00\x00\x00\x01\x04\x00\x00\x01\x00\x00\x80\x00\x00\x00\x01\x00\x00\x00\x00\x00\x00\x00\x00\x00\x00\x00\x00\x00\x00\x00\x00\x00\x00\x00\x00\x00\x00\x00\x00\x00\x00\x00\x00\x01\x00\x00@\x00\x00\x00\x01\x00\x00\x00\x00\x01\x00\x00@\x00\x00\x00\x00        \x00\x00\x00\x00\x00\x00\x00\x00\x00\x00\x00\x00\x00\x00\x00\x00\x01\x00\xff\x00\x00\x00\x00\x00\x00\x00\x00\x00\x00\x00\x00\x00\x00\x00\x00\x00\x00\x00\x00\x00\xe4\x04\x00\x00\x00\x00\x00\x00\x00\x00\x00\x00\x00\x00\x00\x00\x00\x00\x00\x00\x00\x7f',
    50021: lambda target, proto: b'\x01\xc2\x00\x00\x00\x04\x00\x00\xb6\x01\x00\x00SQLDB2RA\x00\x01\x00\x00\x04\x01\x01\x00\x05\x00\x1d\x00\x88\x00\x00\x00\x01\x00\x00\x80\x00\x00\x00\x01\t\x00\x00\x00\x01\x00\x00@\x00\x00\x00\x01\t\x00\x00\x00\x01\x00\x00@\x00\x00\x00\x01\x08\x00\x00\x00\x04\x00\x00@\x00\x00\x00\x01\x04\x00\x00\x00\x01\x00\x00@\x00\x00\x00@\x04\x00\x00\x00\x04\x00\x00@\x00\x00\x00\x01\x04\x00\x00\x00\x04\x00\x00@\x00\x00\x00\x01\x04\x00\x00\x00\x04\x00\x00@\x00\x00\x00\x01\x04\x00\x00\x00\x02\x00\x00@\x00\x00\x00\x01\x04\x00\x00\x00\x04\x00\x00@\x00\x00\x00\x01\x00\x00\x00\x00\x01\x00\x00@\x00\x00\x00\x00\x04\x00\x00\x00\x04\x00\x00\x80\x00\x00\x00\x01\x04\x00\x00\x00\x04\x00\x00\x80\x00\x00\x00\x01\x04\x00\x00\x00\x03\x00\x00\x80\x00\x00\x00\x01\x04\x00\x00\x00\x04\x00\x00\x80\x00\x00\x00\x01\x08\x00\x00\x00\x01\x00\x00@\x00\x00\x00\x01\x04\x00\x00\x00\x04\x00\x00@\x00\x00\x00\x01\x10\x00\x00\x00\x01\x00\x00\x80\x00\x00\x00\x01\x10\x00\x00\x00\x01\x00\x00\x80\x00\x00\x00\x01\x04\x00\x00\x00\x04\x00\x00@\x00\x00\x00\x01\t\x00\x00\x00\x01\x00\x00@\x00\x00\x00\x01\t\x00\x00\x00\x01\x00\x00\x80\x00\x00\x00\x01\x04\x00\x00\x00\x03\x00\x00\x80\x00\x00\x00\x01\x00\x00\x00\x00\x00\x00\x00\x00\x00\x00\x00\x00\x01\x04\x00\x00\x01\x00\x00\x80\x00\x00\x00\x01\x00\x00\x00\x00\x00\x00\x00\x00\x00\x00\x00\x00\x00\x00\x00\x00\x00\x00\x00\x00\x00\x00\x00\x00\x00\x00\x00\x00\x01\x00\x00@\x00\x00\x00\x01\x00\x00\x00\x00\x01\x00\x00@\x00\x00\x00\x00        \x00\x00\x00\x00\x00\x00\x00\x00\x00\x00\x00\x00\x00\x00\x00\x00\x01\x00\xff\x00\x00\x00\x00\x00\x00\x00\x00\x00\x00\x00\x00\x00\x00\x00\x00\x00\x00\x00\x00\x00\xe4\x04\x00\x00\x00\x00\x00\x00\x00\x00\x00\x00\x00\x00\x00\x00\x00\x00\x00\x00\x00\x7f',
    50022: lambda target, proto: b'\x01\xc2\x00\x00\x00\x04\x00\x00\xb6\x01\x00\x00SQLDB2RA\x00\x01\x00\x00\x04\x01\x01\x00\x05\x00\x1d\x00\x88\x00\x00\x00\x01\x00\x00\x80\x00\x00\x00\x01\t\x00\x00\x00\x01\x00\x00@\x00\x00\x00\x01\t\x00\x00\x00\x01\x00\x00@\x00\x00\x00\x01\x08\x00\x00\x00\x04\x00\x00@\x00\x00\x00\x01\x04\x00\x00\x00\x01\x00\x00@\x00\x00\x00@\x04\x00\x00\x00\x04\x00\x00@\x00\x00\x00\x01\x04\x00\x00\x00\x04\x00\x00@\x00\x00\x00\x01\x04\x00\x00\x00\x04\x00\x00@\x00\x00\x00\x01\x04\x00\x00\x00\x02\x00\x00@\x00\x00\x00\x01\x04\x00\x00\x00\x04\x00\x00@\x00\x00\x00\x01\x00\x00\x00\x00\x01\x00\x00@\x00\x00\x00\x00\x04\x00\x00\x00\x04\x00\x00\x80\x00\x00\x00\x01\x04\x00\x00\x00\x04\x00\x00\x80\x00\x00\x00\x01\x04\x00\x00\x00\x03\x00\x00\x80\x00\x00\x00\x01\x04\x00\x00\x00\x04\x00\x00\x80\x00\x00\x00\x01\x08\x00\x00\x00\x01\x00\x00@\x00\x00\x00\x01\x04\x00\x00\x00\x04\x00\x00@\x00\x00\x00\x01\x10\x00\x00\x00\x01\x00\x00\x80\x00\x00\x00\x01\x10\x00\x00\x00\x01\x00\x00\x80\x00\x00\x00\x01\x04\x00\x00\x00\x04\x00\x00@\x00\x00\x00\x01\t\x00\x00\x00\x01\x00\x00@\x00\x00\x00\x01\t\x00\x00\x00\x01\x00\x00\x80\x00\x00\x00\x01\x04\x00\x00\x00\x03\x00\x00\x80\x00\x00\x00\x01\x00\x00\x00\x00\x00\x00\x00\x00\x00\x00\x00\x00\x01\x04\x00\x00\x01\x00\x00\x80\x00\x00\x00\x01\x00\x00\x00\x00\x00\x00\x00\x00\x00\x00\x00\x00\x00\x00\x00\x00\x00\x00\x00\x00\x00\x00\x00\x00\x00\x00\x00\x00\x01\x00\x00@\x00\x00\x00\x01\x00\x00\x00\x00\x01\x00\x00@\x00\x00\x00\x00        \x00\x00\x00\x00\x00\x00\x00\x00\x00\x00\x00\x00\x00\x00\x00\x00\x01\x00\xff\x00\x00\x00\x00\x00\x00\x00\x00\x00\x00\x00\x00\x00\x00\x00\x00\x00\x00\x00\x00\x00\xe4\x04\x00\x00\x00\x00\x00\x00\x00\x00\x00\x00\x00\x00\x00\x00\x00\x00\x00\x00\x00\x7f',
    50023: lambda target, proto: b'\x01\xc2\x00\x00\x00\x04\x00\x00\xb6\x01\x00\x00SQLDB2RA\x00\x01\x00\x00\x04\x01\x01\x00\x05\x00\x1d\x00\x88\x00\x00\x00\x01\x00\x00\x80\x00\x00\x00\x01\t\x00\x00\x00\x01\x00\x00@\x00\x00\x00\x01\t\x00\x00\x00\x01\x00\x00@\x00\x00\x00\x01\x08\x00\x00\x00\x04\x00\x00@\x00\x00\x00\x01\x04\x00\x00\x00\x01\x00\x00@\x00\x00\x00@\x04\x00\x00\x00\x04\x00\x00@\x00\x00\x00\x01\x04\x00\x00\x00\x04\x00\x00@\x00\x00\x00\x01\x04\x00\x00\x00\x04\x00\x00@\x00\x00\x00\x01\x04\x00\x00\x00\x02\x00\x00@\x00\x00\x00\x01\x04\x00\x00\x00\x04\x00\x00@\x00\x00\x00\x01\x00\x00\x00\x00\x01\x00\x00@\x00\x00\x00\x00\x04\x00\x00\x00\x04\x00\x00\x80\x00\x00\x00\x01\x04\x00\x00\x00\x04\x00\x00\x80\x00\x00\x00\x01\x04\x00\x00\x00\x03\x00\x00\x80\x00\x00\x00\x01\x04\x00\x00\x00\x04\x00\x00\x80\x00\x00\x00\x01\x08\x00\x00\x00\x01\x00\x00@\x00\x00\x00\x01\x04\x00\x00\x00\x04\x00\x00@\x00\x00\x00\x01\x10\x00\x00\x00\x01\x00\x00\x80\x00\x00\x00\x01\x10\x00\x00\x00\x01\x00\x00\x80\x00\x00\x00\x01\x04\x00\x00\x00\x04\x00\x00@\x00\x00\x00\x01\t\x00\x00\x00\x01\x00\x00@\x00\x00\x00\x01\t\x00\x00\x00\x01\x00\x00\x80\x00\x00\x00\x01\x04\x00\x00\x00\x03\x00\x00\x80\x00\x00\x00\x01\x00\x00\x00\x00\x00\x00\x00\x00\x00\x00\x00\x00\x01\x04\x00\x00\x01\x00\x00\x80\x00\x00\x00\x01\x00\x00\x00\x00\x00\x00\x00\x00\x00\x00\x00\x00\x00\x00\x00\x00\x00\x00\x00\x00\x00\x00\x00\x00\x00\x00\x00\x00\x01\x00\x00@\x00\x00\x00\x01\x00\x00\x00\x00\x01\x00\x00@\x00\x00\x00\x00        \x00\x00\x00\x00\x00\x00\x00\x00\x00\x00\x00\x00\x00\x00\x00\x00\x01\x00\xff\x00\x00\x00\x00\x00\x00\x00\x00\x00\x00\x00\x00\x00\x00\x00\x00\x00\x00\x00\x00\x00\xe4\x04\x00\x00\x00\x00\x00\x00\x00\x00\x00\x00\x00\x00\x00\x00\x00\x00\x00\x00\x00\x7f',
    50024: lambda target, proto: b'\x01\xc2\x00\x00\x00\x04\x00\x00\xb6\x01\x00\x00SQLDB2RA\x00\x01\x00\x00\x04\x01\x01\x00\x05\x00\x1d\x00\x88\x00\x00\x00\x01\x00\x00\x80\x00\x00\x00\x01\t\x00\x00\x00\x01\x00\x00@\x00\x00\x00\x01\t\x00\x00\x00\x01\x00\x00@\x00\x00\x00\x01\x08\x00\x00\x00\x04\x00\x00@\x00\x00\x00\x01\x04\x00\x00\x00\x01\x00\x00@\x00\x00\x00@\x04\x00\x00\x00\x04\x00\x00@\x00\x00\x00\x01\x04\x00\x00\x00\x04\x00\x00@\x00\x00\x00\x01\x04\x00\x00\x00\x04\x00\x00@\x00\x00\x00\x01\x04\x00\x00\x00\x02\x00\x00@\x00\x00\x00\x01\x04\x00\x00\x00\x04\x00\x00@\x00\x00\x00\x01\x00\x00\x00\x00\x01\x00\x00@\x00\x00\x00\x00\x04\x00\x00\x00\x04\x00\x00\x80\x00\x00\x00\x01\x04\x00\x00\x00\x04\x00\x00\x80\x00\x00\x00\x01\x04\x00\x00\x00\x03\x00\x00\x80\x00\x00\x00\x01\x04\x00\x00\x00\x04\x00\x00\x80\x00\x00\x00\x01\x08\x00\x00\x00\x01\x00\x00@\x00\x00\x00\x01\x04\x00\x00\x00\x04\x00\x00@\x00\x00\x00\x01\x10\x00\x00\x00\x01\x00\x00\x80\x00\x00\x00\x01\x10\x00\x00\x00\x01\x00\x00\x80\x00\x00\x00\x01\x04\x00\x00\x00\x04\x00\x00@\x00\x00\x00\x01\t\x00\x00\x00\x01\x00\x00@\x00\x00\x00\x01\t\x00\x00\x00\x01\x00\x00\x80\x00\x00\x00\x01\x04\x00\x00\x00\x03\x00\x00\x80\x00\x00\x00\x01\x00\x00\x00\x00\x00\x00\x00\x00\x00\x00\x00\x00\x01\x04\x00\x00\x01\x00\x00\x80\x00\x00\x00\x01\x00\x00\x00\x00\x00\x00\x00\x00\x00\x00\x00\x00\x00\x00\x00\x00\x00\x00\x00\x00\x00\x00\x00\x00\x00\x00\x00\x00\x01\x00\x00@\x00\x00\x00\x01\x00\x00\x00\x00\x01\x00\x00@\x00\x00\x00\x00        \x00\x00\x00\x00\x00\x00\x00\x00\x00\x00\x00\x00\x00\x00\x00\x00\x01\x00\xff\x00\x00\x00\x00\x00\x00\x00\x00\x00\x00\x00\x00\x00\x00\x00\x00\x00\x00\x00\x00\x00\xe4\x04\x00\x00\x00\x00\x00\x00\x00\x00\x00\x00\x00\x00\x00\x00\x00\x00\x00\x00\x00\x7f',
    50025: lambda target, proto: b'\x01\xc2\x00\x00\x00\x04\x00\x00\xb6\x01\x00\x00SQLDB2RA\x00\x01\x00\x00\x04\x01\x01\x00\x05\x00\x1d\x00\x88\x00\x00\x00\x01\x00\x00\x80\x00\x00\x00\x01\t\x00\x00\x00\x01\x00\x00@\x00\x00\x00\x01\t\x00\x00\x00\x01\x00\x00@\x00\x00\x00\x01\x08\x00\x00\x00\x04\x00\x00@\x00\x00\x00\x01\x04\x00\x00\x00\x01\x00\x00@\x00\x00\x00@\x04\x00\x00\x00\x04\x00\x00@\x00\x00\x00\x01\x04\x00\x00\x00\x04\x00\x00@\x00\x00\x00\x01\x04\x00\x00\x00\x04\x00\x00@\x00\x00\x00\x01\x04\x00\x00\x00\x02\x00\x00@\x00\x00\x00\x01\x04\x00\x00\x00\x04\x00\x00@\x00\x00\x00\x01\x00\x00\x00\x00\x01\x00\x00@\x00\x00\x00\x00\x04\x00\x00\x00\x04\x00\x00\x80\x00\x00\x00\x01\x04\x00\x00\x00\x04\x00\x00\x80\x00\x00\x00\x01\x04\x00\x00\x00\x03\x00\x00\x80\x00\x00\x00\x01\x04\x00\x00\x00\x04\x00\x00\x80\x00\x00\x00\x01\x08\x00\x00\x00\x01\x00\x00@\x00\x00\x00\x01\x04\x00\x00\x00\x04\x00\x00@\x00\x00\x00\x01\x10\x00\x00\x00\x01\x00\x00\x80\x00\x00\x00\x01\x10\x00\x00\x00\x01\x00\x00\x80\x00\x00\x00\x01\x04\x00\x00\x00\x04\x00\x00@\x00\x00\x00\x01\t\x00\x00\x00\x01\x00\x00@\x00\x00\x00\x01\t\x00\x00\x00\x01\x00\x00\x80\x00\x00\x00\x01\x04\x00\x00\x00\x03\x00\x00\x80\x00\x00\x00\x01\x00\x00\x00\x00\x00\x00\x00\x00\x00\x00\x00\x00\x01\x04\x00\x00\x01\x00\x00\x80\x00\x00\x00\x01\x00\x00\x00\x00\x00\x00\x00\x00\x00\x00\x00\x00\x00\x00\x00\x00\x00\x00\x00\x00\x00\x00\x00\x00\x00\x00\x00\x00\x01\x00\x00@\x00\x00\x00\x01\x00\x00\x00\x00\x01\x00\x00@\x00\x00\x00\x00        \x00\x00\x00\x00\x00\x00\x00\x00\x00\x00\x00\x00\x00\x00\x00\x00\x01\x00\xff\x00\x00\x00\x00\x00\x00\x00\x00\x00\x00\x00\x00\x00\x00\x00\x00\x00\x00\x00\x00\x00\xe4\x04\x00\x00\x00\x00\x00\x00\x00\x00\x00\x00\x00\x00\x00\x00\x00\x00\x00\x00\x00\x7f',
    50050: lambda target, proto: b'JRMI\x00\x02K',
    50500: lambda target, proto: b'JRMI\x00\x02K',
    50501: lambda target, proto: b'JRMI\x00\x02K',
    50502: lambda target, proto: b'JRMI\x00\x02K',
    50503: lambda target, proto: b'JRMI\x00\x02K',
    50504: lambda target, proto: b'JRMI\x00\x02K',
    50505: lambda target, proto: b'GET /api HTTP/1.0\r\n\r\n',
    51234: lambda target, proto: b'ver\r\n',
    55552: lambda target, proto: b'GET /api HTTP/1.0\r\n\r\n',
    55553: lambda target, proto: b'<?xml version="1.0" ?><methodCall><methodName>nmap.probe</methodName></methodCall>\n\x00',
    55555: lambda target, proto: b'GET / HTTP/1.0\r\n\r\n',
    56667: lambda target, proto: b'\r\n\r\n',
    59100: lambda target, proto: b'\x94\x00\xcd\xef\xd1a\x91\x03',
    60001: lambda target, proto: b'\x01\xc2\x00\x00\x00\x04\x00\x00\xb6\x01\x00\x00SQLDB2RA\x00\x01\x00\x00\x04\x01\x01\x00\x05\x00\x1d\x00\x88\x00\x00\x00\x01\x00\x00\x80\x00\x00\x00\x01\t\x00\x00\x00\x01\x00\x00@\x00\x00\x00\x01\t\x00\x00\x00\x01\x00\x00@\x00\x00\x00\x01\x08\x00\x00\x00\x04\x00\x00@\x00\x00\x00\x01\x04\x00\x00\x00\x01\x00\x00@\x00\x00\x00@\x04\x00\x00\x00\x04\x00\x00@\x00\x00\x00\x01\x04\x00\x00\x00\x04\x00\x00@\x00\x00\x00\x01\x04\x00\x00\x00\x04\x00\x00@\x00\x00\x00\x01\x04\x00\x00\x00\x02\x00\x00@\x00\x00\x00\x01\x04\x00\x00\x00\x04\x00\x00@\x00\x00\x00\x01\x00\x00\x00\x00\x01\x00\x00@\x00\x00\x00\x00\x04\x00\x00\x00\x04\x00\x00\x80\x00\x00\x00\x01\x04\x00\x00\x00\x04\x00\x00\x80\x00\x00\x00\x01\x04\x00\x00\x00\x03\x00\x00\x80\x00\x00\x00\x01\x04\x00\x00\x00\x04\x00\x00\x80\x00\x00\x00\x01\x08\x00\x00\x00\x01\x00\x00@\x00\x00\x00\x01\x04\x00\x00\x00\x04\x00\x00@\x00\x00\x00\x01\x10\x00\x00\x00\x01\x00\x00\x80\x00\x00\x00\x01\x10\x00\x00\x00\x01\x00\x00\x80\x00\x00\x00\x01\x04\x00\x00\x00\x04\x00\x00@\x00\x00\x00\x01\t\x00\x00\x00\x01\x00\x00@\x00\x00\x00\x01\t\x00\x00\x00\x01\x00\x00\x80\x00\x00\x00\x01\x04\x00\x00\x00\x03\x00\x00\x80\x00\x00\x00\x01\x00\x00\x00\x00\x00\x00\x00\x00\x00\x00\x00\x00\x01\x04\x00\x00\x01\x00\x00\x80\x00\x00\x00\x01\x00\x00\x00\x00\x00\x00\x00\x00\x00\x00\x00\x00\x00\x00\x00\x00\x00\x00\x00\x00\x00\x00\x00\x00\x00\x00\x00\x00\x01\x00\x00@\x00\x00\x00\x01\x00\x00\x00\x00\x01\x00\x00@\x00\x00\x00\x00        \x00\x00\x00\x00\x00\x00\x00\x00\x00\x00\x00\x00\x00\x00\x00\x00\x01\x00\xff\x00\x00\x00\x00\x00\x00\x00\x00\x00\x00\x00\x00\x00\x00\x00\x00\x00\x00\x00\x00\x00\xe4\x04\x00\x00\x00\x00\x00\x00\x00\x00\x00\x00\x00\x00\x00\x00\x00\x00\x00\x00\x00\x7f',
    60002: lambda target, proto: b'\x01\xc2\x00\x00\x00\x04\x00\x00\xb6\x01\x00\x00SQLDB2RA\x00\x01\x00\x00\x04\x01\x01\x00\x05\x00\x1d\x00\x88\x00\x00\x00\x01\x00\x00\x80\x00\x00\x00\x01\t\x00\x00\x00\x01\x00\x00@\x00\x00\x00\x01\t\x00\x00\x00\x01\x00\x00@\x00\x00\x00\x01\x08\x00\x00\x00\x04\x00\x00@\x00\x00\x00\x01\x04\x00\x00\x00\x01\x00\x00@\x00\x00\x00@\x04\x00\x00\x00\x04\x00\x00@\x00\x00\x00\x01\x04\x00\x00\x00\x04\x00\x00@\x00\x00\x00\x01\x04\x00\x00\x00\x04\x00\x00@\x00\x00\x00\x01\x04\x00\x00\x00\x02\x00\x00@\x00\x00\x00\x01\x04\x00\x00\x00\x04\x00\x00@\x00\x00\x00\x01\x00\x00\x00\x00\x01\x00\x00@\x00\x00\x00\x00\x04\x00\x00\x00\x04\x00\x00\x80\x00\x00\x00\x01\x04\x00\x00\x00\x04\x00\x00\x80\x00\x00\x00\x01\x04\x00\x00\x00\x03\x00\x00\x80\x00\x00\x00\x01\x04\x00\x00\x00\x04\x00\x00\x80\x00\x00\x00\x01\x08\x00\x00\x00\x01\x00\x00@\x00\x00\x00\x01\x04\x00\x00\x00\x04\x00\x00@\x00\x00\x00\x01\x10\x00\x00\x00\x01\x00\x00\x80\x00\x00\x00\x01\x10\x00\x00\x00\x01\x00\x00\x80\x00\x00\x00\x01\x04\x00\x00\x00\x04\x00\x00@\x00\x00\x00\x01\t\x00\x00\x00\x01\x00\x00@\x00\x00\x00\x01\t\x00\x00\x00\x01\x00\x00\x80\x00\x00\x00\x01\x04\x00\x00\x00\x03\x00\x00\x80\x00\x00\x00\x01\x00\x00\x00\x00\x00\x00\x00\x00\x00\x00\x00\x00\x01\x04\x00\x00\x01\x00\x00\x80\x00\x00\x00\x01\x00\x00\x00\x00\x00\x00\x00\x00\x00\x00\x00\x00\x00\x00\x00\x00\x00\x00\x00\x00\x00\x00\x00\x00\x00\x00\x00\x00\x01\x00\x00@\x00\x00\x00\x01\x00\x00\x00\x00\x01\x00\x00@\x00\x00\x00\x00        \x00\x00\x00\x00\x00\x00\x00\x00\x00\x00\x00\x00\x00\x00\x00\x00\x01\x00\xff\x00\x00\x00\x00\x00\x00\x00\x00\x00\x00\x00\x00\x00\x00\x00\x00\x00\x00\x00\x00\x00\xe4\x04\x00\x00\x00\x00\x00\x00\x00\x00\x00\x00\x00\x00\x00\x00\x00\x00\x00\x00\x00\x7f',
    60003: lambda target, proto: b'\x01\xc2\x00\x00\x00\x04\x00\x00\xb6\x01\x00\x00SQLDB2RA\x00\x01\x00\x00\x04\x01\x01\x00\x05\x00\x1d\x00\x88\x00\x00\x00\x01\x00\x00\x80\x00\x00\x00\x01\t\x00\x00\x00\x01\x00\x00@\x00\x00\x00\x01\t\x00\x00\x00\x01\x00\x00@\x00\x00\x00\x01\x08\x00\x00\x00\x04\x00\x00@\x00\x00\x00\x01\x04\x00\x00\x00\x01\x00\x00@\x00\x00\x00@\x04\x00\x00\x00\x04\x00\x00@\x00\x00\x00\x01\x04\x00\x00\x00\x04\x00\x00@\x00\x00\x00\x01\x04\x00\x00\x00\x04\x00\x00@\x00\x00\x00\x01\x04\x00\x00\x00\x02\x00\x00@\x00\x00\x00\x01\x04\x00\x00\x00\x04\x00\x00@\x00\x00\x00\x01\x00\x00\x00\x00\x01\x00\x00@\x00\x00\x00\x00\x04\x00\x00\x00\x04\x00\x00\x80\x00\x00\x00\x01\x04\x00\x00\x00\x04\x00\x00\x80\x00\x00\x00\x01\x04\x00\x00\x00\x03\x00\x00\x80\x00\x00\x00\x01\x04\x00\x00\x00\x04\x00\x00\x80\x00\x00\x00\x01\x08\x00\x00\x00\x01\x00\x00@\x00\x00\x00\x01\x04\x00\x00\x00\x04\x00\x00@\x00\x00\x00\x01\x10\x00\x00\x00\x01\x00\x00\x80\x00\x00\x00\x01\x10\x00\x00\x00\x01\x00\x00\x80\x00\x00\x00\x01\x04\x00\x00\x00\x04\x00\x00@\x00\x00\x00\x01\t\x00\x00\x00\x01\x00\x00@\x00\x00\x00\x01\t\x00\x00\x00\x01\x00\x00\x80\x00\x00\x00\x01\x04\x00\x00\x00\x03\x00\x00\x80\x00\x00\x00\x01\x00\x00\x00\x00\x00\x00\x00\x00\x00\x00\x00\x00\x01\x04\x00\x00\x01\x00\x00\x80\x00\x00\x00\x01\x00\x00\x00\x00\x00\x00\x00\x00\x00\x00\x00\x00\x00\x00\x00\x00\x00\x00\x00\x00\x00\x00\x00\x00\x00\x00\x00\x00\x01\x00\x00@\x00\x00\x00\x01\x00\x00\x00\x00\x01\x00\x00@\x00\x00\x00\x00        \x00\x00\x00\x00\x00\x00\x00\x00\x00\x00\x00\x00\x00\x00\x00\x00\x01\x00\xff\x00\x00\x00\x00\x00\x00\x00\x00\x00\x00\x00\x00\x00\x00\x00\x00\x00\x00\x00\x00\x00\xe4\x04\x00\x00\x00\x00\x00\x00\x00\x00\x00\x00\x00\x00\x00\x00\x00\x00\x00\x00\x00\x7f',
    60004: lambda target, proto: b'\x01\xc2\x00\x00\x00\x04\x00\x00\xb6\x01\x00\x00SQLDB2RA\x00\x01\x00\x00\x04\x01\x01\x00\x05\x00\x1d\x00\x88\x00\x00\x00\x01\x00\x00\x80\x00\x00\x00\x01\t\x00\x00\x00\x01\x00\x00@\x00\x00\x00\x01\t\x00\x00\x00\x01\x00\x00@\x00\x00\x00\x01\x08\x00\x00\x00\x04\x00\x00@\x00\x00\x00\x01\x04\x00\x00\x00\x01\x00\x00@\x00\x00\x00@\x04\x00\x00\x00\x04\x00\x00@\x00\x00\x00\x01\x04\x00\x00\x00\x04\x00\x00@\x00\x00\x00\x01\x04\x00\x00\x00\x04\x00\x00@\x00\x00\x00\x01\x04\x00\x00\x00\x02\x00\x00@\x00\x00\x00\x01\x04\x00\x00\x00\x04\x00\x00@\x00\x00\x00\x01\x00\x00\x00\x00\x01\x00\x00@\x00\x00\x00\x00\x04\x00\x00\x00\x04\x00\x00\x80\x00\x00\x00\x01\x04\x00\x00\x00\x04\x00\x00\x80\x00\x00\x00\x01\x04\x00\x00\x00\x03\x00\x00\x80\x00\x00\x00\x01\x04\x00\x00\x00\x04\x00\x00\x80\x00\x00\x00\x01\x08\x00\x00\x00\x01\x00\x00@\x00\x00\x00\x01\x04\x00\x00\x00\x04\x00\x00@\x00\x00\x00\x01\x10\x00\x00\x00\x01\x00\x00\x80\x00\x00\x00\x01\x10\x00\x00\x00\x01\x00\x00\x80\x00\x00\x00\x01\x04\x00\x00\x00\x04\x00\x00@\x00\x00\x00\x01\t\x00\x00\x00\x01\x00\x00@\x00\x00\x00\x01\t\x00\x00\x00\x01\x00\x00\x80\x00\x00\x00\x01\x04\x00\x00\x00\x03\x00\x00\x80\x00\x00\x00\x01\x00\x00\x00\x00\x00\x00\x00\x00\x00\x00\x00\x00\x01\x04\x00\x00\x01\x00\x00\x80\x00\x00\x00\x01\x00\x00\x00\x00\x00\x00\x00\x00\x00\x00\x00\x00\x00\x00\x00\x00\x00\x00\x00\x00\x00\x00\x00\x00\x00\x00\x00\x00\x01\x00\x00@\x00\x00\x00\x01\x00\x00\x00\x00\x01\x00\x00@\x00\x00\x00\x00        \x00\x00\x00\x00\x00\x00\x00\x00\x00\x00\x00\x00\x00\x00\x00\x00\x01\x00\xff\x00\x00\x00\x00\x00\x00\x00\x00\x00\x00\x00\x00\x00\x00\x00\x00\x00\x00\x00\x00\x00\xe4\x04\x00\x00\x00\x00\x00\x00\x00\x00\x00\x00\x00\x00\x00\x00\x00\x00\x00\x00\x00\x7f',
    60005: lambda target, proto: b'\x01\xc2\x00\x00\x00\x04\x00\x00\xb6\x01\x00\x00SQLDB2RA\x00\x01\x00\x00\x04\x01\x01\x00\x05\x00\x1d\x00\x88\x00\x00\x00\x01\x00\x00\x80\x00\x00\x00\x01\t\x00\x00\x00\x01\x00\x00@\x00\x00\x00\x01\t\x00\x00\x00\x01\x00\x00@\x00\x00\x00\x01\x08\x00\x00\x00\x04\x00\x00@\x00\x00\x00\x01\x04\x00\x00\x00\x01\x00\x00@\x00\x00\x00@\x04\x00\x00\x00\x04\x00\x00@\x00\x00\x00\x01\x04\x00\x00\x00\x04\x00\x00@\x00\x00\x00\x01\x04\x00\x00\x00\x04\x00\x00@\x00\x00\x00\x01\x04\x00\x00\x00\x02\x00\x00@\x00\x00\x00\x01\x04\x00\x00\x00\x04\x00\x00@\x00\x00\x00\x01\x00\x00\x00\x00\x01\x00\x00@\x00\x00\x00\x00\x04\x00\x00\x00\x04\x00\x00\x80\x00\x00\x00\x01\x04\x00\x00\x00\x04\x00\x00\x80\x00\x00\x00\x01\x04\x00\x00\x00\x03\x00\x00\x80\x00\x00\x00\x01\x04\x00\x00\x00\x04\x00\x00\x80\x00\x00\x00\x01\x08\x00\x00\x00\x01\x00\x00@\x00\x00\x00\x01\x04\x00\x00\x00\x04\x00\x00@\x00\x00\x00\x01\x10\x00\x00\x00\x01\x00\x00\x80\x00\x00\x00\x01\x10\x00\x00\x00\x01\x00\x00\x80\x00\x00\x00\x01\x04\x00\x00\x00\x04\x00\x00@\x00\x00\x00\x01\t\x00\x00\x00\x01\x00\x00@\x00\x00\x00\x01\t\x00\x00\x00\x01\x00\x00\x80\x00\x00\x00\x01\x04\x00\x00\x00\x03\x00\x00\x80\x00\x00\x00\x01\x00\x00\x00\x00\x00\x00\x00\x00\x00\x00\x00\x00\x01\x04\x00\x00\x01\x00\x00\x80\x00\x00\x00\x01\x00\x00\x00\x00\x00\x00\x00\x00\x00\x00\x00\x00\x00\x00\x00\x00\x00\x00\x00\x00\x00\x00\x00\x00\x00\x00\x00\x00\x01\x00\x00@\x00\x00\x00\x01\x00\x00\x00\x00\x01\x00\x00@\x00\x00\x00\x00        \x00\x00\x00\x00\x00\x00\x00\x00\x00\x00\x00\x00\x00\x00\x00\x00\x01\x00\xff\x00\x00\x00\x00\x00\x00\x00\x00\x00\x00\x00\x00\x00\x00\x00\x00\x00\x00\x00\x00\x00\xe4\x04\x00\x00\x00\x00\x00\x00\x00\x00\x00\x00\x00\x00\x00\x00\x00\x00\x00\x00\x00\x7f',
    60006: lambda target, proto: b'\x01\xc2\x00\x00\x00\x04\x00\x00\xb6\x01\x00\x00SQLDB2RA\x00\x01\x00\x00\x04\x01\x01\x00\x05\x00\x1d\x00\x88\x00\x00\x00\x01\x00\x00\x80\x00\x00\x00\x01\t\x00\x00\x00\x01\x00\x00@\x00\x00\x00\x01\t\x00\x00\x00\x01\x00\x00@\x00\x00\x00\x01\x08\x00\x00\x00\x04\x00\x00@\x00\x00\x00\x01\x04\x00\x00\x00\x01\x00\x00@\x00\x00\x00@\x04\x00\x00\x00\x04\x00\x00@\x00\x00\x00\x01\x04\x00\x00\x00\x04\x00\x00@\x00\x00\x00\x01\x04\x00\x00\x00\x04\x00\x00@\x00\x00\x00\x01\x04\x00\x00\x00\x02\x00\x00@\x00\x00\x00\x01\x04\x00\x00\x00\x04\x00\x00@\x00\x00\x00\x01\x00\x00\x00\x00\x01\x00\x00@\x00\x00\x00\x00\x04\x00\x00\x00\x04\x00\x00\x80\x00\x00\x00\x01\x04\x00\x00\x00\x04\x00\x00\x80\x00\x00\x00\x01\x04\x00\x00\x00\x03\x00\x00\x80\x00\x00\x00\x01\x04\x00\x00\x00\x04\x00\x00\x80\x00\x00\x00\x01\x08\x00\x00\x00\x01\x00\x00@\x00\x00\x00\x01\x04\x00\x00\x00\x04\x00\x00@\x00\x00\x00\x01\x10\x00\x00\x00\x01\x00\x00\x80\x00\x00\x00\x01\x10\x00\x00\x00\x01\x00\x00\x80\x00\x00\x00\x01\x04\x00\x00\x00\x04\x00\x00@\x00\x00\x00\x01\t\x00\x00\x00\x01\x00\x00@\x00\x00\x00\x01\t\x00\x00\x00\x01\x00\x00\x80\x00\x00\x00\x01\x04\x00\x00\x00\x03\x00\x00\x80\x00\x00\x00\x01\x00\x00\x00\x00\x00\x00\x00\x00\x00\x00\x00\x00\x01\x04\x00\x00\x01\x00\x00\x80\x00\x00\x00\x01\x00\x00\x00\x00\x00\x00\x00\x00\x00\x00\x00\x00\x00\x00\x00\x00\x00\x00\x00\x00\x00\x00\x00\x00\x00\x00\x00\x00\x01\x00\x00@\x00\x00\x00\x01\x00\x00\x00\x00\x01\x00\x00@\x00\x00\x00\x00        \x00\x00\x00\x00\x00\x00\x00\x00\x00\x00\x00\x00\x00\x00\x00\x00\x01\x00\xff\x00\x00\x00\x00\x00\x00\x00\x00\x00\x00\x00\x00\x00\x00\x00\x00\x00\x00\x00\x00\x00\xe4\x04\x00\x00\x00\x00\x00\x00\x00\x00\x00\x00\x00\x00\x00\x00\x00\x00\x00\x00\x00\x7f',
    60007: lambda target, proto: b'\x01\xc2\x00\x00\x00\x04\x00\x00\xb6\x01\x00\x00SQLDB2RA\x00\x01\x00\x00\x04\x01\x01\x00\x05\x00\x1d\x00\x88\x00\x00\x00\x01\x00\x00\x80\x00\x00\x00\x01\t\x00\x00\x00\x01\x00\x00@\x00\x00\x00\x01\t\x00\x00\x00\x01\x00\x00@\x00\x00\x00\x01\x08\x00\x00\x00\x04\x00\x00@\x00\x00\x00\x01\x04\x00\x00\x00\x01\x00\x00@\x00\x00\x00@\x04\x00\x00\x00\x04\x00\x00@\x00\x00\x00\x01\x04\x00\x00\x00\x04\x00\x00@\x00\x00\x00\x01\x04\x00\x00\x00\x04\x00\x00@\x00\x00\x00\x01\x04\x00\x00\x00\x02\x00\x00@\x00\x00\x00\x01\x04\x00\x00\x00\x04\x00\x00@\x00\x00\x00\x01\x00\x00\x00\x00\x01\x00\x00@\x00\x00\x00\x00\x04\x00\x00\x00\x04\x00\x00\x80\x00\x00\x00\x01\x04\x00\x00\x00\x04\x00\x00\x80\x00\x00\x00\x01\x04\x00\x00\x00\x03\x00\x00\x80\x00\x00\x00\x01\x04\x00\x00\x00\x04\x00\x00\x80\x00\x00\x00\x01\x08\x00\x00\x00\x01\x00\x00@\x00\x00\x00\x01\x04\x00\x00\x00\x04\x00\x00@\x00\x00\x00\x01\x10\x00\x00\x00\x01\x00\x00\x80\x00\x00\x00\x01\x10\x00\x00\x00\x01\x00\x00\x80\x00\x00\x00\x01\x04\x00\x00\x00\x04\x00\x00@\x00\x00\x00\x01\t\x00\x00\x00\x01\x00\x00@\x00\x00\x00\x01\t\x00\x00\x00\x01\x00\x00\x80\x00\x00\x00\x01\x04\x00\x00\x00\x03\x00\x00\x80\x00\x00\x00\x01\x00\x00\x00\x00\x00\x00\x00\x00\x00\x00\x00\x00\x01\x04\x00\x00\x01\x00\x00\x80\x00\x00\x00\x01\x00\x00\x00\x00\x00\x00\x00\x00\x00\x00\x00\x00\x00\x00\x00\x00\x00\x00\x00\x00\x00\x00\x00\x00\x00\x00\x00\x00\x01\x00\x00@\x00\x00\x00\x01\x00\x00\x00\x00\x01\x00\x00@\x00\x00\x00\x00        \x00\x00\x00\x00\x00\x00\x00\x00\x00\x00\x00\x00\x00\x00\x00\x00\x01\x00\xff\x00\x00\x00\x00\x00\x00\x00\x00\x00\x00\x00\x00\x00\x00\x00\x00\x00\x00\x00\x00\x00\xe4\x04\x00\x00\x00\x00\x00\x00\x00\x00\x00\x00\x00\x00\x00\x00\x00\x00\x00\x00\x00\x7f',
    60008: lambda target, proto: b'\x01\xc2\x00\x00\x00\x04\x00\x00\xb6\x01\x00\x00SQLDB2RA\x00\x01\x00\x00\x04\x01\x01\x00\x05\x00\x1d\x00\x88\x00\x00\x00\x01\x00\x00\x80\x00\x00\x00\x01\t\x00\x00\x00\x01\x00\x00@\x00\x00\x00\x01\t\x00\x00\x00\x01\x00\x00@\x00\x00\x00\x01\x08\x00\x00\x00\x04\x00\x00@\x00\x00\x00\x01\x04\x00\x00\x00\x01\x00\x00@\x00\x00\x00@\x04\x00\x00\x00\x04\x00\x00@\x00\x00\x00\x01\x04\x00\x00\x00\x04\x00\x00@\x00\x00\x00\x01\x04\x00\x00\x00\x04\x00\x00@\x00\x00\x00\x01\x04\x00\x00\x00\x02\x00\x00@\x00\x00\x00\x01\x04\x00\x00\x00\x04\x00\x00@\x00\x00\x00\x01\x00\x00\x00\x00\x01\x00\x00@\x00\x00\x00\x00\x04\x00\x00\x00\x04\x00\x00\x80\x00\x00\x00\x01\x04\x00\x00\x00\x04\x00\x00\x80\x00\x00\x00\x01\x04\x00\x00\x00\x03\x00\x00\x80\x00\x00\x00\x01\x04\x00\x00\x00\x04\x00\x00\x80\x00\x00\x00\x01\x08\x00\x00\x00\x01\x00\x00@\x00\x00\x00\x01\x04\x00\x00\x00\x04\x00\x00@\x00\x00\x00\x01\x10\x00\x00\x00\x01\x00\x00\x80\x00\x00\x00\x01\x10\x00\x00\x00\x01\x00\x00\x80\x00\x00\x00\x01\x04\x00\x00\x00\x04\x00\x00@\x00\x00\x00\x01\t\x00\x00\x00\x01\x00\x00@\x00\x00\x00\x01\t\x00\x00\x00\x01\x00\x00\x80\x00\x00\x00\x01\x04\x00\x00\x00\x03\x00\x00\x80\x00\x00\x00\x01\x00\x00\x00\x00\x00\x00\x00\x00\x00\x00\x00\x00\x01\x04\x00\x00\x01\x00\x00\x80\x00\x00\x00\x01\x00\x00\x00\x00\x00\x00\x00\x00\x00\x00\x00\x00\x00\x00\x00\x00\x00\x00\x00\x00\x00\x00\x00\x00\x00\x00\x00\x00\x01\x00\x00@\x00\x00\x00\x01\x00\x00\x00\x00\x01\x00\x00@\x00\x00\x00\x00        \x00\x00\x00\x00\x00\x00\x00\x00\x00\x00\x00\x00\x00\x00\x00\x00\x01\x00\xff\x00\x00\x00\x00\x00\x00\x00\x00\x00\x00\x00\x00\x00\x00\x00\x00\x00\x00\x00\x00\x00\xe4\x04\x00\x00\x00\x00\x00\x00\x00\x00\x00\x00\x00\x00\x00\x00\x00\x00\x00\x00\x00\x7f',
    60009: lambda target, proto: b'\x01\xc2\x00\x00\x00\x04\x00\x00\xb6\x01\x00\x00SQLDB2RA\x00\x01\x00\x00\x04\x01\x01\x00\x05\x00\x1d\x00\x88\x00\x00\x00\x01\x00\x00\x80\x00\x00\x00\x01\t\x00\x00\x00\x01\x00\x00@\x00\x00\x00\x01\t\x00\x00\x00\x01\x00\x00@\x00\x00\x00\x01\x08\x00\x00\x00\x04\x00\x00@\x00\x00\x00\x01\x04\x00\x00\x00\x01\x00\x00@\x00\x00\x00@\x04\x00\x00\x00\x04\x00\x00@\x00\x00\x00\x01\x04\x00\x00\x00\x04\x00\x00@\x00\x00\x00\x01\x04\x00\x00\x00\x04\x00\x00@\x00\x00\x00\x01\x04\x00\x00\x00\x02\x00\x00@\x00\x00\x00\x01\x04\x00\x00\x00\x04\x00\x00@\x00\x00\x00\x01\x00\x00\x00\x00\x01\x00\x00@\x00\x00\x00\x00\x04\x00\x00\x00\x04\x00\x00\x80\x00\x00\x00\x01\x04\x00\x00\x00\x04\x00\x00\x80\x00\x00\x00\x01\x04\x00\x00\x00\x03\x00\x00\x80\x00\x00\x00\x01\x04\x00\x00\x00\x04\x00\x00\x80\x00\x00\x00\x01\x08\x00\x00\x00\x01\x00\x00@\x00\x00\x00\x01\x04\x00\x00\x00\x04\x00\x00@\x00\x00\x00\x01\x10\x00\x00\x00\x01\x00\x00\x80\x00\x00\x00\x01\x10\x00\x00\x00\x01\x00\x00\x80\x00\x00\x00\x01\x04\x00\x00\x00\x04\x00\x00@\x00\x00\x00\x01\t\x00\x00\x00\x01\x00\x00@\x00\x00\x00\x01\t\x00\x00\x00\x01\x00\x00\x80\x00\x00\x00\x01\x04\x00\x00\x00\x03\x00\x00\x80\x00\x00\x00\x01\x00\x00\x00\x00\x00\x00\x00\x00\x00\x00\x00\x00\x01\x04\x00\x00\x01\x00\x00\x80\x00\x00\x00\x01\x00\x00\x00\x00\x00\x00\x00\x00\x00\x00\x00\x00\x00\x00\x00\x00\x00\x00\x00\x00\x00\x00\x00\x00\x00\x00\x00\x00\x01\x00\x00@\x00\x00\x00\x01\x00\x00\x00\x00\x01\x00\x00@\x00\x00\x00\x00        \x00\x00\x00\x00\x00\x00\x00\x00\x00\x00\x00\x00\x00\x00\x00\x00\x01\x00\xff\x00\x00\x00\x00\x00\x00\x00\x00\x00\x00\x00\x00\x00\x00\x00\x00\x00\x00\x00\x00\x00\xe4\x04\x00\x00\x00\x00\x00\x00\x00\x00\x00\x00\x00\x00\x00\x00\x00\x00\x00\x00\x00\x7f',
    60010: lambda target, proto: b'\x01\xc2\x00\x00\x00\x04\x00\x00\xb6\x01\x00\x00SQLDB2RA\x00\x01\x00\x00\x04\x01\x01\x00\x05\x00\x1d\x00\x88\x00\x00\x00\x01\x00\x00\x80\x00\x00\x00\x01\t\x00\x00\x00\x01\x00\x00@\x00\x00\x00\x01\t\x00\x00\x00\x01\x00\x00@\x00\x00\x00\x01\x08\x00\x00\x00\x04\x00\x00@\x00\x00\x00\x01\x04\x00\x00\x00\x01\x00\x00@\x00\x00\x00@\x04\x00\x00\x00\x04\x00\x00@\x00\x00\x00\x01\x04\x00\x00\x00\x04\x00\x00@\x00\x00\x00\x01\x04\x00\x00\x00\x04\x00\x00@\x00\x00\x00\x01\x04\x00\x00\x00\x02\x00\x00@\x00\x00\x00\x01\x04\x00\x00\x00\x04\x00\x00@\x00\x00\x00\x01\x00\x00\x00\x00\x01\x00\x00@\x00\x00\x00\x00\x04\x00\x00\x00\x04\x00\x00\x80\x00\x00\x00\x01\x04\x00\x00\x00\x04\x00\x00\x80\x00\x00\x00\x01\x04\x00\x00\x00\x03\x00\x00\x80\x00\x00\x00\x01\x04\x00\x00\x00\x04\x00\x00\x80\x00\x00\x00\x01\x08\x00\x00\x00\x01\x00\x00@\x00\x00\x00\x01\x04\x00\x00\x00\x04\x00\x00@\x00\x00\x00\x01\x10\x00\x00\x00\x01\x00\x00\x80\x00\x00\x00\x01\x10\x00\x00\x00\x01\x00\x00\x80\x00\x00\x00\x01\x04\x00\x00\x00\x04\x00\x00@\x00\x00\x00\x01\t\x00\x00\x00\x01\x00\x00@\x00\x00\x00\x01\t\x00\x00\x00\x01\x00\x00\x80\x00\x00\x00\x01\x04\x00\x00\x00\x03\x00\x00\x80\x00\x00\x00\x01\x00\x00\x00\x00\x00\x00\x00\x00\x00\x00\x00\x00\x01\x04\x00\x00\x01\x00\x00\x80\x00\x00\x00\x01\x00\x00\x00\x00\x00\x00\x00\x00\x00\x00\x00\x00\x00\x00\x00\x00\x00\x00\x00\x00\x00\x00\x00\x00\x00\x00\x00\x00\x01\x00\x00@\x00\x00\x00\x01\x00\x00\x00\x00\x01\x00\x00@\x00\x00\x00\x00        \x00\x00\x00\x00\x00\x00\x00\x00\x00\x00\x00\x00\x00\x00\x00\x00\x01\x00\xff\x00\x00\x00\x00\x00\x00\x00\x00\x00\x00\x00\x00\x00\x00\x00\x00\x00\x00\x00\x00\x00\xe4\x04\x00\x00\x00\x00\x00\x00\x00\x00\x00\x00\x00\x00\x00\x00\x00\x00\x00\x00\x00\x7f',
    60011: lambda target, proto: b'\x01\xc2\x00\x00\x00\x04\x00\x00\xb6\x01\x00\x00SQLDB2RA\x00\x01\x00\x00\x04\x01\x01\x00\x05\x00\x1d\x00\x88\x00\x00\x00\x01\x00\x00\x80\x00\x00\x00\x01\t\x00\x00\x00\x01\x00\x00@\x00\x00\x00\x01\t\x00\x00\x00\x01\x00\x00@\x00\x00\x00\x01\x08\x00\x00\x00\x04\x00\x00@\x00\x00\x00\x01\x04\x00\x00\x00\x01\x00\x00@\x00\x00\x00@\x04\x00\x00\x00\x04\x00\x00@\x00\x00\x00\x01\x04\x00\x00\x00\x04\x00\x00@\x00\x00\x00\x01\x04\x00\x00\x00\x04\x00\x00@\x00\x00\x00\x01\x04\x00\x00\x00\x02\x00\x00@\x00\x00\x00\x01\x04\x00\x00\x00\x04\x00\x00@\x00\x00\x00\x01\x00\x00\x00\x00\x01\x00\x00@\x00\x00\x00\x00\x04\x00\x00\x00\x04\x00\x00\x80\x00\x00\x00\x01\x04\x00\x00\x00\x04\x00\x00\x80\x00\x00\x00\x01\x04\x00\x00\x00\x03\x00\x00\x80\x00\x00\x00\x01\x04\x00\x00\x00\x04\x00\x00\x80\x00\x00\x00\x01\x08\x00\x00\x00\x01\x00\x00@\x00\x00\x00\x01\x04\x00\x00\x00\x04\x00\x00@\x00\x00\x00\x01\x10\x00\x00\x00\x01\x00\x00\x80\x00\x00\x00\x01\x10\x00\x00\x00\x01\x00\x00\x80\x00\x00\x00\x01\x04\x00\x00\x00\x04\x00\x00@\x00\x00\x00\x01\t\x00\x00\x00\x01\x00\x00@\x00\x00\x00\x01\t\x00\x00\x00\x01\x00\x00\x80\x00\x00\x00\x01\x04\x00\x00\x00\x03\x00\x00\x80\x00\x00\x00\x01\x00\x00\x00\x00\x00\x00\x00\x00\x00\x00\x00\x00\x01\x04\x00\x00\x01\x00\x00\x80\x00\x00\x00\x01\x00\x00\x00\x00\x00\x00\x00\x00\x00\x00\x00\x00\x00\x00\x00\x00\x00\x00\x00\x00\x00\x00\x00\x00\x00\x00\x00\x00\x01\x00\x00@\x00\x00\x00\x01\x00\x00\x00\x00\x01\x00\x00@\x00\x00\x00\x00        \x00\x00\x00\x00\x00\x00\x00\x00\x00\x00\x00\x00\x00\x00\x00\x00\x01\x00\xff\x00\x00\x00\x00\x00\x00\x00\x00\x00\x00\x00\x00\x00\x00\x00\x00\x00\x00\x00\x00\x00\xe4\x04\x00\x00\x00\x00\x00\x00\x00\x00\x00\x00\x00\x00\x00\x00\x00\x00\x00\x00\x00\x7f',
    60012: lambda target, proto: b'\x01\xc2\x00\x00\x00\x04\x00\x00\xb6\x01\x00\x00SQLDB2RA\x00\x01\x00\x00\x04\x01\x01\x00\x05\x00\x1d\x00\x88\x00\x00\x00\x01\x00\x00\x80\x00\x00\x00\x01\t\x00\x00\x00\x01\x00\x00@\x00\x00\x00\x01\t\x00\x00\x00\x01\x00\x00@\x00\x00\x00\x01\x08\x00\x00\x00\x04\x00\x00@\x00\x00\x00\x01\x04\x00\x00\x00\x01\x00\x00@\x00\x00\x00@\x04\x00\x00\x00\x04\x00\x00@\x00\x00\x00\x01\x04\x00\x00\x00\x04\x00\x00@\x00\x00\x00\x01\x04\x00\x00\x00\x04\x00\x00@\x00\x00\x00\x01\x04\x00\x00\x00\x02\x00\x00@\x00\x00\x00\x01\x04\x00\x00\x00\x04\x00\x00@\x00\x00\x00\x01\x00\x00\x00\x00\x01\x00\x00@\x00\x00\x00\x00\x04\x00\x00\x00\x04\x00\x00\x80\x00\x00\x00\x01\x04\x00\x00\x00\x04\x00\x00\x80\x00\x00\x00\x01\x04\x00\x00\x00\x03\x00\x00\x80\x00\x00\x00\x01\x04\x00\x00\x00\x04\x00\x00\x80\x00\x00\x00\x01\x08\x00\x00\x00\x01\x00\x00@\x00\x00\x00\x01\x04\x00\x00\x00\x04\x00\x00@\x00\x00\x00\x01\x10\x00\x00\x00\x01\x00\x00\x80\x00\x00\x00\x01\x10\x00\x00\x00\x01\x00\x00\x80\x00\x00\x00\x01\x04\x00\x00\x00\x04\x00\x00@\x00\x00\x00\x01\t\x00\x00\x00\x01\x00\x00@\x00\x00\x00\x01\t\x00\x00\x00\x01\x00\x00\x80\x00\x00\x00\x01\x04\x00\x00\x00\x03\x00\x00\x80\x00\x00\x00\x01\x00\x00\x00\x00\x00\x00\x00\x00\x00\x00\x00\x00\x01\x04\x00\x00\x01\x00\x00\x80\x00\x00\x00\x01\x00\x00\x00\x00\x00\x00\x00\x00\x00\x00\x00\x00\x00\x00\x00\x00\x00\x00\x00\x00\x00\x00\x00\x00\x00\x00\x00\x00\x01\x00\x00@\x00\x00\x00\x01\x00\x00\x00\x00\x01\x00\x00@\x00\x00\x00\x00        \x00\x00\x00\x00\x00\x00\x00\x00\x00\x00\x00\x00\x00\x00\x00\x00\x01\x00\xff\x00\x00\x00\x00\x00\x00\x00\x00\x00\x00\x00\x00\x00\x00\x00\x00\x00\x00\x00\x00\x00\xe4\x04\x00\x00\x00\x00\x00\x00\x00\x00\x00\x00\x00\x00\x00\x00\x00\x00\x00\x00\x00\x7f',
    60013: lambda target, proto: b'\x01\xc2\x00\x00\x00\x04\x00\x00\xb6\x01\x00\x00SQLDB2RA\x00\x01\x00\x00\x04\x01\x01\x00\x05\x00\x1d\x00\x88\x00\x00\x00\x01\x00\x00\x80\x00\x00\x00\x01\t\x00\x00\x00\x01\x00\x00@\x00\x00\x00\x01\t\x00\x00\x00\x01\x00\x00@\x00\x00\x00\x01\x08\x00\x00\x00\x04\x00\x00@\x00\x00\x00\x01\x04\x00\x00\x00\x01\x00\x00@\x00\x00\x00@\x04\x00\x00\x00\x04\x00\x00@\x00\x00\x00\x01\x04\x00\x00\x00\x04\x00\x00@\x00\x00\x00\x01\x04\x00\x00\x00\x04\x00\x00@\x00\x00\x00\x01\x04\x00\x00\x00\x02\x00\x00@\x00\x00\x00\x01\x04\x00\x00\x00\x04\x00\x00@\x00\x00\x00\x01\x00\x00\x00\x00\x01\x00\x00@\x00\x00\x00\x00\x04\x00\x00\x00\x04\x00\x00\x80\x00\x00\x00\x01\x04\x00\x00\x00\x04\x00\x00\x80\x00\x00\x00\x01\x04\x00\x00\x00\x03\x00\x00\x80\x00\x00\x00\x01\x04\x00\x00\x00\x04\x00\x00\x80\x00\x00\x00\x01\x08\x00\x00\x00\x01\x00\x00@\x00\x00\x00\x01\x04\x00\x00\x00\x04\x00\x00@\x00\x00\x00\x01\x10\x00\x00\x00\x01\x00\x00\x80\x00\x00\x00\x01\x10\x00\x00\x00\x01\x00\x00\x80\x00\x00\x00\x01\x04\x00\x00\x00\x04\x00\x00@\x00\x00\x00\x01\t\x00\x00\x00\x01\x00\x00@\x00\x00\x00\x01\t\x00\x00\x00\x01\x00\x00\x80\x00\x00\x00\x01\x04\x00\x00\x00\x03\x00\x00\x80\x00\x00\x00\x01\x00\x00\x00\x00\x00\x00\x00\x00\x00\x00\x00\x00\x01\x04\x00\x00\x01\x00\x00\x80\x00\x00\x00\x01\x00\x00\x00\x00\x00\x00\x00\x00\x00\x00\x00\x00\x00\x00\x00\x00\x00\x00\x00\x00\x00\x00\x00\x00\x00\x00\x00\x00\x01\x00\x00@\x00\x00\x00\x01\x00\x00\x00\x00\x01\x00\x00@\x00\x00\x00\x00        \x00\x00\x00\x00\x00\x00\x00\x00\x00\x00\x00\x00\x00\x00\x00\x00\x01\x00\xff\x00\x00\x00\x00\x00\x00\x00\x00\x00\x00\x00\x00\x00\x00\x00\x00\x00\x00\x00\x00\x00\xe4\x04\x00\x00\x00\x00\x00\x00\x00\x00\x00\x00\x00\x00\x00\x00\x00\x00\x00\x00\x00\x7f',
    60014: lambda target, proto: b'\x01\xc2\x00\x00\x00\x04\x00\x00\xb6\x01\x00\x00SQLDB2RA\x00\x01\x00\x00\x04\x01\x01\x00\x05\x00\x1d\x00\x88\x00\x00\x00\x01\x00\x00\x80\x00\x00\x00\x01\t\x00\x00\x00\x01\x00\x00@\x00\x00\x00\x01\t\x00\x00\x00\x01\x00\x00@\x00\x00\x00\x01\x08\x00\x00\x00\x04\x00\x00@\x00\x00\x00\x01\x04\x00\x00\x00\x01\x00\x00@\x00\x00\x00@\x04\x00\x00\x00\x04\x00\x00@\x00\x00\x00\x01\x04\x00\x00\x00\x04\x00\x00@\x00\x00\x00\x01\x04\x00\x00\x00\x04\x00\x00@\x00\x00\x00\x01\x04\x00\x00\x00\x02\x00\x00@\x00\x00\x00\x01\x04\x00\x00\x00\x04\x00\x00@\x00\x00\x00\x01\x00\x00\x00\x00\x01\x00\x00@\x00\x00\x00\x00\x04\x00\x00\x00\x04\x00\x00\x80\x00\x00\x00\x01\x04\x00\x00\x00\x04\x00\x00\x80\x00\x00\x00\x01\x04\x00\x00\x00\x03\x00\x00\x80\x00\x00\x00\x01\x04\x00\x00\x00\x04\x00\x00\x80\x00\x00\x00\x01\x08\x00\x00\x00\x01\x00\x00@\x00\x00\x00\x01\x04\x00\x00\x00\x04\x00\x00@\x00\x00\x00\x01\x10\x00\x00\x00\x01\x00\x00\x80\x00\x00\x00\x01\x10\x00\x00\x00\x01\x00\x00\x80\x00\x00\x00\x01\x04\x00\x00\x00\x04\x00\x00@\x00\x00\x00\x01\t\x00\x00\x00\x01\x00\x00@\x00\x00\x00\x01\t\x00\x00\x00\x01\x00\x00\x80\x00\x00\x00\x01\x04\x00\x00\x00\x03\x00\x00\x80\x00\x00\x00\x01\x00\x00\x00\x00\x00\x00\x00\x00\x00\x00\x00\x00\x01\x04\x00\x00\x01\x00\x00\x80\x00\x00\x00\x01\x00\x00\x00\x00\x00\x00\x00\x00\x00\x00\x00\x00\x00\x00\x00\x00\x00\x00\x00\x00\x00\x00\x00\x00\x00\x00\x00\x00\x01\x00\x00@\x00\x00\x00\x01\x00\x00\x00\x00\x01\x00\x00@\x00\x00\x00\x00        \x00\x00\x00\x00\x00\x00\x00\x00\x00\x00\x00\x00\x00\x00\x00\x00\x01\x00\xff\x00\x00\x00\x00\x00\x00\x00\x00\x00\x00\x00\x00\x00\x00\x00\x00\x00\x00\x00\x00\x00\xe4\x04\x00\x00\x00\x00\x00\x00\x00\x00\x00\x00\x00\x00\x00\x00\x00\x00\x00\x00\x00\x7f',
    60015: lambda target, proto: b'\x01\xc2\x00\x00\x00\x04\x00\x00\xb6\x01\x00\x00SQLDB2RA\x00\x01\x00\x00\x04\x01\x01\x00\x05\x00\x1d\x00\x88\x00\x00\x00\x01\x00\x00\x80\x00\x00\x00\x01\t\x00\x00\x00\x01\x00\x00@\x00\x00\x00\x01\t\x00\x00\x00\x01\x00\x00@\x00\x00\x00\x01\x08\x00\x00\x00\x04\x00\x00@\x00\x00\x00\x01\x04\x00\x00\x00\x01\x00\x00@\x00\x00\x00@\x04\x00\x00\x00\x04\x00\x00@\x00\x00\x00\x01\x04\x00\x00\x00\x04\x00\x00@\x00\x00\x00\x01\x04\x00\x00\x00\x04\x00\x00@\x00\x00\x00\x01\x04\x00\x00\x00\x02\x00\x00@\x00\x00\x00\x01\x04\x00\x00\x00\x04\x00\x00@\x00\x00\x00\x01\x00\x00\x00\x00\x01\x00\x00@\x00\x00\x00\x00\x04\x00\x00\x00\x04\x00\x00\x80\x00\x00\x00\x01\x04\x00\x00\x00\x04\x00\x00\x80\x00\x00\x00\x01\x04\x00\x00\x00\x03\x00\x00\x80\x00\x00\x00\x01\x04\x00\x00\x00\x04\x00\x00\x80\x00\x00\x00\x01\x08\x00\x00\x00\x01\x00\x00@\x00\x00\x00\x01\x04\x00\x00\x00\x04\x00\x00@\x00\x00\x00\x01\x10\x00\x00\x00\x01\x00\x00\x80\x00\x00\x00\x01\x10\x00\x00\x00\x01\x00\x00\x80\x00\x00\x00\x01\x04\x00\x00\x00\x04\x00\x00@\x00\x00\x00\x01\t\x00\x00\x00\x01\x00\x00@\x00\x00\x00\x01\t\x00\x00\x00\x01\x00\x00\x80\x00\x00\x00\x01\x04\x00\x00\x00\x03\x00\x00\x80\x00\x00\x00\x01\x00\x00\x00\x00\x00\x00\x00\x00\x00\x00\x00\x00\x01\x04\x00\x00\x01\x00\x00\x80\x00\x00\x00\x01\x00\x00\x00\x00\x00\x00\x00\x00\x00\x00\x00\x00\x00\x00\x00\x00\x00\x00\x00\x00\x00\x00\x00\x00\x00\x00\x00\x00\x01\x00\x00@\x00\x00\x00\x01\x00\x00\x00\x00\x01\x00\x00@\x00\x00\x00\x00        \x00\x00\x00\x00\x00\x00\x00\x00\x00\x00\x00\x00\x00\x00\x00\x00\x01\x00\xff\x00\x00\x00\x00\x00\x00\x00\x00\x00\x00\x00\x00\x00\x00\x00\x00\x00\x00\x00\x00\x00\xe4\x04\x00\x00\x00\x00\x00\x00\x00\x00\x00\x00\x00\x00\x00\x00\x00\x00\x00\x00\x00\x7f',
    60016: lambda target, proto: b'\x01\xc2\x00\x00\x00\x04\x00\x00\xb6\x01\x00\x00SQLDB2RA\x00\x01\x00\x00\x04\x01\x01\x00\x05\x00\x1d\x00\x88\x00\x00\x00\x01\x00\x00\x80\x00\x00\x00\x01\t\x00\x00\x00\x01\x00\x00@\x00\x00\x00\x01\t\x00\x00\x00\x01\x00\x00@\x00\x00\x00\x01\x08\x00\x00\x00\x04\x00\x00@\x00\x00\x00\x01\x04\x00\x00\x00\x01\x00\x00@\x00\x00\x00@\x04\x00\x00\x00\x04\x00\x00@\x00\x00\x00\x01\x04\x00\x00\x00\x04\x00\x00@\x00\x00\x00\x01\x04\x00\x00\x00\x04\x00\x00@\x00\x00\x00\x01\x04\x00\x00\x00\x02\x00\x00@\x00\x00\x00\x01\x04\x00\x00\x00\x04\x00\x00@\x00\x00\x00\x01\x00\x00\x00\x00\x01\x00\x00@\x00\x00\x00\x00\x04\x00\x00\x00\x04\x00\x00\x80\x00\x00\x00\x01\x04\x00\x00\x00\x04\x00\x00\x80\x00\x00\x00\x01\x04\x00\x00\x00\x03\x00\x00\x80\x00\x00\x00\x01\x04\x00\x00\x00\x04\x00\x00\x80\x00\x00\x00\x01\x08\x00\x00\x00\x01\x00\x00@\x00\x00\x00\x01\x04\x00\x00\x00\x04\x00\x00@\x00\x00\x00\x01\x10\x00\x00\x00\x01\x00\x00\x80\x00\x00\x00\x01\x10\x00\x00\x00\x01\x00\x00\x80\x00\x00\x00\x01\x04\x00\x00\x00\x04\x00\x00@\x00\x00\x00\x01\t\x00\x00\x00\x01\x00\x00@\x00\x00\x00\x01\t\x00\x00\x00\x01\x00\x00\x80\x00\x00\x00\x01\x04\x00\x00\x00\x03\x00\x00\x80\x00\x00\x00\x01\x00\x00\x00\x00\x00\x00\x00\x00\x00\x00\x00\x00\x01\x04\x00\x00\x01\x00\x00\x80\x00\x00\x00\x01\x00\x00\x00\x00\x00\x00\x00\x00\x00\x00\x00\x00\x00\x00\x00\x00\x00\x00\x00\x00\x00\x00\x00\x00\x00\x00\x00\x00\x01\x00\x00@\x00\x00\x00\x01\x00\x00\x00\x00\x01\x00\x00@\x00\x00\x00\x00        \x00\x00\x00\x00\x00\x00\x00\x00\x00\x00\x00\x00\x00\x00\x00\x00\x01\x00\xff\x00\x00\x00\x00\x00\x00\x00\x00\x00\x00\x00\x00\x00\x00\x00\x00\x00\x00\x00\x00\x00\xe4\x04\x00\x00\x00\x00\x00\x00\x00\x00\x00\x00\x00\x00\x00\x00\x00\x00\x00\x00\x00\x7f',
    60017: lambda target, proto: b'\x01\xc2\x00\x00\x00\x04\x00\x00\xb6\x01\x00\x00SQLDB2RA\x00\x01\x00\x00\x04\x01\x01\x00\x05\x00\x1d\x00\x88\x00\x00\x00\x01\x00\x00\x80\x00\x00\x00\x01\t\x00\x00\x00\x01\x00\x00@\x00\x00\x00\x01\t\x00\x00\x00\x01\x00\x00@\x00\x00\x00\x01\x08\x00\x00\x00\x04\x00\x00@\x00\x00\x00\x01\x04\x00\x00\x00\x01\x00\x00@\x00\x00\x00@\x04\x00\x00\x00\x04\x00\x00@\x00\x00\x00\x01\x04\x00\x00\x00\x04\x00\x00@\x00\x00\x00\x01\x04\x00\x00\x00\x04\x00\x00@\x00\x00\x00\x01\x04\x00\x00\x00\x02\x00\x00@\x00\x00\x00\x01\x04\x00\x00\x00\x04\x00\x00@\x00\x00\x00\x01\x00\x00\x00\x00\x01\x00\x00@\x00\x00\x00\x00\x04\x00\x00\x00\x04\x00\x00\x80\x00\x00\x00\x01\x04\x00\x00\x00\x04\x00\x00\x80\x00\x00\x00\x01\x04\x00\x00\x00\x03\x00\x00\x80\x00\x00\x00\x01\x04\x00\x00\x00\x04\x00\x00\x80\x00\x00\x00\x01\x08\x00\x00\x00\x01\x00\x00@\x00\x00\x00\x01\x04\x00\x00\x00\x04\x00\x00@\x00\x00\x00\x01\x10\x00\x00\x00\x01\x00\x00\x80\x00\x00\x00\x01\x10\x00\x00\x00\x01\x00\x00\x80\x00\x00\x00\x01\x04\x00\x00\x00\x04\x00\x00@\x00\x00\x00\x01\t\x00\x00\x00\x01\x00\x00@\x00\x00\x00\x01\t\x00\x00\x00\x01\x00\x00\x80\x00\x00\x00\x01\x04\x00\x00\x00\x03\x00\x00\x80\x00\x00\x00\x01\x00\x00\x00\x00\x00\x00\x00\x00\x00\x00\x00\x00\x01\x04\x00\x00\x01\x00\x00\x80\x00\x00\x00\x01\x00\x00\x00\x00\x00\x00\x00\x00\x00\x00\x00\x00\x00\x00\x00\x00\x00\x00\x00\x00\x00\x00\x00\x00\x00\x00\x00\x00\x01\x00\x00@\x00\x00\x00\x01\x00\x00\x00\x00\x01\x00\x00@\x00\x00\x00\x00        \x00\x00\x00\x00\x00\x00\x00\x00\x00\x00\x00\x00\x00\x00\x00\x00\x01\x00\xff\x00\x00\x00\x00\x00\x00\x00\x00\x00\x00\x00\x00\x00\x00\x00\x00\x00\x00\x00\x00\x00\xe4\x04\x00\x00\x00\x00\x00\x00\x00\x00\x00\x00\x00\x00\x00\x00\x00\x00\x00\x00\x00\x7f',
    60018: lambda target, proto: b'\x01\xc2\x00\x00\x00\x04\x00\x00\xb6\x01\x00\x00SQLDB2RA\x00\x01\x00\x00\x04\x01\x01\x00\x05\x00\x1d\x00\x88\x00\x00\x00\x01\x00\x00\x80\x00\x00\x00\x01\t\x00\x00\x00\x01\x00\x00@\x00\x00\x00\x01\t\x00\x00\x00\x01\x00\x00@\x00\x00\x00\x01\x08\x00\x00\x00\x04\x00\x00@\x00\x00\x00\x01\x04\x00\x00\x00\x01\x00\x00@\x00\x00\x00@\x04\x00\x00\x00\x04\x00\x00@\x00\x00\x00\x01\x04\x00\x00\x00\x04\x00\x00@\x00\x00\x00\x01\x04\x00\x00\x00\x04\x00\x00@\x00\x00\x00\x01\x04\x00\x00\x00\x02\x00\x00@\x00\x00\x00\x01\x04\x00\x00\x00\x04\x00\x00@\x00\x00\x00\x01\x00\x00\x00\x00\x01\x00\x00@\x00\x00\x00\x00\x04\x00\x00\x00\x04\x00\x00\x80\x00\x00\x00\x01\x04\x00\x00\x00\x04\x00\x00\x80\x00\x00\x00\x01\x04\x00\x00\x00\x03\x00\x00\x80\x00\x00\x00\x01\x04\x00\x00\x00\x04\x00\x00\x80\x00\x00\x00\x01\x08\x00\x00\x00\x01\x00\x00@\x00\x00\x00\x01\x04\x00\x00\x00\x04\x00\x00@\x00\x00\x00\x01\x10\x00\x00\x00\x01\x00\x00\x80\x00\x00\x00\x01\x10\x00\x00\x00\x01\x00\x00\x80\x00\x00\x00\x01\x04\x00\x00\x00\x04\x00\x00@\x00\x00\x00\x01\t\x00\x00\x00\x01\x00\x00@\x00\x00\x00\x01\t\x00\x00\x00\x01\x00\x00\x80\x00\x00\x00\x01\x04\x00\x00\x00\x03\x00\x00\x80\x00\x00\x00\x01\x00\x00\x00\x00\x00\x00\x00\x00\x00\x00\x00\x00\x01\x04\x00\x00\x01\x00\x00\x80\x00\x00\x00\x01\x00\x00\x00\x00\x00\x00\x00\x00\x00\x00\x00\x00\x00\x00\x00\x00\x00\x00\x00\x00\x00\x00\x00\x00\x00\x00\x00\x00\x01\x00\x00@\x00\x00\x00\x01\x00\x00\x00\x00\x01\x00\x00@\x00\x00\x00\x00        \x00\x00\x00\x00\x00\x00\x00\x00\x00\x00\x00\x00\x00\x00\x00\x00\x01\x00\xff\x00\x00\x00\x00\x00\x00\x00\x00\x00\x00\x00\x00\x00\x00\x00\x00\x00\x00\x00\x00\x00\xe4\x04\x00\x00\x00\x00\x00\x00\x00\x00\x00\x00\x00\x00\x00\x00\x00\x00\x00\x00\x00\x7f',
    60019: lambda target, proto: b'\x01\xc2\x00\x00\x00\x04\x00\x00\xb6\x01\x00\x00SQLDB2RA\x00\x01\x00\x00\x04\x01\x01\x00\x05\x00\x1d\x00\x88\x00\x00\x00\x01\x00\x00\x80\x00\x00\x00\x01\t\x00\x00\x00\x01\x00\x00@\x00\x00\x00\x01\t\x00\x00\x00\x01\x00\x00@\x00\x00\x00\x01\x08\x00\x00\x00\x04\x00\x00@\x00\x00\x00\x01\x04\x00\x00\x00\x01\x00\x00@\x00\x00\x00@\x04\x00\x00\x00\x04\x00\x00@\x00\x00\x00\x01\x04\x00\x00\x00\x04\x00\x00@\x00\x00\x00\x01\x04\x00\x00\x00\x04\x00\x00@\x00\x00\x00\x01\x04\x00\x00\x00\x02\x00\x00@\x00\x00\x00\x01\x04\x00\x00\x00\x04\x00\x00@\x00\x00\x00\x01\x00\x00\x00\x00\x01\x00\x00@\x00\x00\x00\x00\x04\x00\x00\x00\x04\x00\x00\x80\x00\x00\x00\x01\x04\x00\x00\x00\x04\x00\x00\x80\x00\x00\x00\x01\x04\x00\x00\x00\x03\x00\x00\x80\x00\x00\x00\x01\x04\x00\x00\x00\x04\x00\x00\x80\x00\x00\x00\x01\x08\x00\x00\x00\x01\x00\x00@\x00\x00\x00\x01\x04\x00\x00\x00\x04\x00\x00@\x00\x00\x00\x01\x10\x00\x00\x00\x01\x00\x00\x80\x00\x00\x00\x01\x10\x00\x00\x00\x01\x00\x00\x80\x00\x00\x00\x01\x04\x00\x00\x00\x04\x00\x00@\x00\x00\x00\x01\t\x00\x00\x00\x01\x00\x00@\x00\x00\x00\x01\t\x00\x00\x00\x01\x00\x00\x80\x00\x00\x00\x01\x04\x00\x00\x00\x03\x00\x00\x80\x00\x00\x00\x01\x00\x00\x00\x00\x00\x00\x00\x00\x00\x00\x00\x00\x01\x04\x00\x00\x01\x00\x00\x80\x00\x00\x00\x01\x00\x00\x00\x00\x00\x00\x00\x00\x00\x00\x00\x00\x00\x00\x00\x00\x00\x00\x00\x00\x00\x00\x00\x00\x00\x00\x00\x00\x01\x00\x00@\x00\x00\x00\x01\x00\x00\x00\x00\x01\x00\x00@\x00\x00\x00\x00        \x00\x00\x00\x00\x00\x00\x00\x00\x00\x00\x00\x00\x00\x00\x00\x00\x01\x00\xff\x00\x00\x00\x00\x00\x00\x00\x00\x00\x00\x00\x00\x00\x00\x00\x00\x00\x00\x00\x00\x00\xe4\x04\x00\x00\x00\x00\x00\x00\x00\x00\x00\x00\x00\x00\x00\x00\x00\x00\x00\x00\x00\x7f',
    60020: lambda target, proto: b'\x01\xc2\x00\x00\x00\x04\x00\x00\xb6\x01\x00\x00SQLDB2RA\x00\x01\x00\x00\x04\x01\x01\x00\x05\x00\x1d\x00\x88\x00\x00\x00\x01\x00\x00\x80\x00\x00\x00\x01\t\x00\x00\x00\x01\x00\x00@\x00\x00\x00\x01\t\x00\x00\x00\x01\x00\x00@\x00\x00\x00\x01\x08\x00\x00\x00\x04\x00\x00@\x00\x00\x00\x01\x04\x00\x00\x00\x01\x00\x00@\x00\x00\x00@\x04\x00\x00\x00\x04\x00\x00@\x00\x00\x00\x01\x04\x00\x00\x00\x04\x00\x00@\x00\x00\x00\x01\x04\x00\x00\x00\x04\x00\x00@\x00\x00\x00\x01\x04\x00\x00\x00\x02\x00\x00@\x00\x00\x00\x01\x04\x00\x00\x00\x04\x00\x00@\x00\x00\x00\x01\x00\x00\x00\x00\x01\x00\x00@\x00\x00\x00\x00\x04\x00\x00\x00\x04\x00\x00\x80\x00\x00\x00\x01\x04\x00\x00\x00\x04\x00\x00\x80\x00\x00\x00\x01\x04\x00\x00\x00\x03\x00\x00\x80\x00\x00\x00\x01\x04\x00\x00\x00\x04\x00\x00\x80\x00\x00\x00\x01\x08\x00\x00\x00\x01\x00\x00@\x00\x00\x00\x01\x04\x00\x00\x00\x04\x00\x00@\x00\x00\x00\x01\x10\x00\x00\x00\x01\x00\x00\x80\x00\x00\x00\x01\x10\x00\x00\x00\x01\x00\x00\x80\x00\x00\x00\x01\x04\x00\x00\x00\x04\x00\x00@\x00\x00\x00\x01\t\x00\x00\x00\x01\x00\x00@\x00\x00\x00\x01\t\x00\x00\x00\x01\x00\x00\x80\x00\x00\x00\x01\x04\x00\x00\x00\x03\x00\x00\x80\x00\x00\x00\x01\x00\x00\x00\x00\x00\x00\x00\x00\x00\x00\x00\x00\x01\x04\x00\x00\x01\x00\x00\x80\x00\x00\x00\x01\x00\x00\x00\x00\x00\x00\x00\x00\x00\x00\x00\x00\x00\x00\x00\x00\x00\x00\x00\x00\x00\x00\x00\x00\x00\x00\x00\x00\x01\x00\x00@\x00\x00\x00\x01\x00\x00\x00\x00\x01\x00\x00@\x00\x00\x00\x00        \x00\x00\x00\x00\x00\x00\x00\x00\x00\x00\x00\x00\x00\x00\x00\x00\x01\x00\xff\x00\x00\x00\x00\x00\x00\x00\x00\x00\x00\x00\x00\x00\x00\x00\x00\x00\x00\x00\x00\x00\xe4\x04\x00\x00\x00\x00\x00\x00\x00\x00\x00\x00\x00\x00\x00\x00\x00\x00\x00\x00\x00\x7f',
    60021: lambda target, proto: b'\x01\xc2\x00\x00\x00\x04\x00\x00\xb6\x01\x00\x00SQLDB2RA\x00\x01\x00\x00\x04\x01\x01\x00\x05\x00\x1d\x00\x88\x00\x00\x00\x01\x00\x00\x80\x00\x00\x00\x01\t\x00\x00\x00\x01\x00\x00@\x00\x00\x00\x01\t\x00\x00\x00\x01\x00\x00@\x00\x00\x00\x01\x08\x00\x00\x00\x04\x00\x00@\x00\x00\x00\x01\x04\x00\x00\x00\x01\x00\x00@\x00\x00\x00@\x04\x00\x00\x00\x04\x00\x00@\x00\x00\x00\x01\x04\x00\x00\x00\x04\x00\x00@\x00\x00\x00\x01\x04\x00\x00\x00\x04\x00\x00@\x00\x00\x00\x01\x04\x00\x00\x00\x02\x00\x00@\x00\x00\x00\x01\x04\x00\x00\x00\x04\x00\x00@\x00\x00\x00\x01\x00\x00\x00\x00\x01\x00\x00@\x00\x00\x00\x00\x04\x00\x00\x00\x04\x00\x00\x80\x00\x00\x00\x01\x04\x00\x00\x00\x04\x00\x00\x80\x00\x00\x00\x01\x04\x00\x00\x00\x03\x00\x00\x80\x00\x00\x00\x01\x04\x00\x00\x00\x04\x00\x00\x80\x00\x00\x00\x01\x08\x00\x00\x00\x01\x00\x00@\x00\x00\x00\x01\x04\x00\x00\x00\x04\x00\x00@\x00\x00\x00\x01\x10\x00\x00\x00\x01\x00\x00\x80\x00\x00\x00\x01\x10\x00\x00\x00\x01\x00\x00\x80\x00\x00\x00\x01\x04\x00\x00\x00\x04\x00\x00@\x00\x00\x00\x01\t\x00\x00\x00\x01\x00\x00@\x00\x00\x00\x01\t\x00\x00\x00\x01\x00\x00\x80\x00\x00\x00\x01\x04\x00\x00\x00\x03\x00\x00\x80\x00\x00\x00\x01\x00\x00\x00\x00\x00\x00\x00\x00\x00\x00\x00\x00\x01\x04\x00\x00\x01\x00\x00\x80\x00\x00\x00\x01\x00\x00\x00\x00\x00\x00\x00\x00\x00\x00\x00\x00\x00\x00\x00\x00\x00\x00\x00\x00\x00\x00\x00\x00\x00\x00\x00\x00\x01\x00\x00@\x00\x00\x00\x01\x00\x00\x00\x00\x01\x00\x00@\x00\x00\x00\x00        \x00\x00\x00\x00\x00\x00\x00\x00\x00\x00\x00\x00\x00\x00\x00\x00\x01\x00\xff\x00\x00\x00\x00\x00\x00\x00\x00\x00\x00\x00\x00\x00\x00\x00\x00\x00\x00\x00\x00\x00\xe4\x04\x00\x00\x00\x00\x00\x00\x00\x00\x00\x00\x00\x00\x00\x00\x00\x00\x00\x00\x00\x7f',
    60022: lambda target, proto: b'\x01\xc2\x00\x00\x00\x04\x00\x00\xb6\x01\x00\x00SQLDB2RA\x00\x01\x00\x00\x04\x01\x01\x00\x05\x00\x1d\x00\x88\x00\x00\x00\x01\x00\x00\x80\x00\x00\x00\x01\t\x00\x00\x00\x01\x00\x00@\x00\x00\x00\x01\t\x00\x00\x00\x01\x00\x00@\x00\x00\x00\x01\x08\x00\x00\x00\x04\x00\x00@\x00\x00\x00\x01\x04\x00\x00\x00\x01\x00\x00@\x00\x00\x00@\x04\x00\x00\x00\x04\x00\x00@\x00\x00\x00\x01\x04\x00\x00\x00\x04\x00\x00@\x00\x00\x00\x01\x04\x00\x00\x00\x04\x00\x00@\x00\x00\x00\x01\x04\x00\x00\x00\x02\x00\x00@\x00\x00\x00\x01\x04\x00\x00\x00\x04\x00\x00@\x00\x00\x00\x01\x00\x00\x00\x00\x01\x00\x00@\x00\x00\x00\x00\x04\x00\x00\x00\x04\x00\x00\x80\x00\x00\x00\x01\x04\x00\x00\x00\x04\x00\x00\x80\x00\x00\x00\x01\x04\x00\x00\x00\x03\x00\x00\x80\x00\x00\x00\x01\x04\x00\x00\x00\x04\x00\x00\x80\x00\x00\x00\x01\x08\x00\x00\x00\x01\x00\x00@\x00\x00\x00\x01\x04\x00\x00\x00\x04\x00\x00@\x00\x00\x00\x01\x10\x00\x00\x00\x01\x00\x00\x80\x00\x00\x00\x01\x10\x00\x00\x00\x01\x00\x00\x80\x00\x00\x00\x01\x04\x00\x00\x00\x04\x00\x00@\x00\x00\x00\x01\t\x00\x00\x00\x01\x00\x00@\x00\x00\x00\x01\t\x00\x00\x00\x01\x00\x00\x80\x00\x00\x00\x01\x04\x00\x00\x00\x03\x00\x00\x80\x00\x00\x00\x01\x00\x00\x00\x00\x00\x00\x00\x00\x00\x00\x00\x00\x01\x04\x00\x00\x01\x00\x00\x80\x00\x00\x00\x01\x00\x00\x00\x00\x00\x00\x00\x00\x00\x00\x00\x00\x00\x00\x00\x00\x00\x00\x00\x00\x00\x00\x00\x00\x00\x00\x00\x00\x01\x00\x00@\x00\x00\x00\x01\x00\x00\x00\x00\x01\x00\x00@\x00\x00\x00\x00        \x00\x00\x00\x00\x00\x00\x00\x00\x00\x00\x00\x00\x00\x00\x00\x00\x01\x00\xff\x00\x00\x00\x00\x00\x00\x00\x00\x00\x00\x00\x00\x00\x00\x00\x00\x00\x00\x00\x00\x00\xe4\x04\x00\x00\x00\x00\x00\x00\x00\x00\x00\x00\x00\x00\x00\x00\x00\x00\x00\x00\x00\x7f',
    60023: lambda target, proto: b'\x01\xc2\x00\x00\x00\x04\x00\x00\xb6\x01\x00\x00SQLDB2RA\x00\x01\x00\x00\x04\x01\x01\x00\x05\x00\x1d\x00\x88\x00\x00\x00\x01\x00\x00\x80\x00\x00\x00\x01\t\x00\x00\x00\x01\x00\x00@\x00\x00\x00\x01\t\x00\x00\x00\x01\x00\x00@\x00\x00\x00\x01\x08\x00\x00\x00\x04\x00\x00@\x00\x00\x00\x01\x04\x00\x00\x00\x01\x00\x00@\x00\x00\x00@\x04\x00\x00\x00\x04\x00\x00@\x00\x00\x00\x01\x04\x00\x00\x00\x04\x00\x00@\x00\x00\x00\x01\x04\x00\x00\x00\x04\x00\x00@\x00\x00\x00\x01\x04\x00\x00\x00\x02\x00\x00@\x00\x00\x00\x01\x04\x00\x00\x00\x04\x00\x00@\x00\x00\x00\x01\x00\x00\x00\x00\x01\x00\x00@\x00\x00\x00\x00\x04\x00\x00\x00\x04\x00\x00\x80\x00\x00\x00\x01\x04\x00\x00\x00\x04\x00\x00\x80\x00\x00\x00\x01\x04\x00\x00\x00\x03\x00\x00\x80\x00\x00\x00\x01\x04\x00\x00\x00\x04\x00\x00\x80\x00\x00\x00\x01\x08\x00\x00\x00\x01\x00\x00@\x00\x00\x00\x01\x04\x00\x00\x00\x04\x00\x00@\x00\x00\x00\x01\x10\x00\x00\x00\x01\x00\x00\x80\x00\x00\x00\x01\x10\x00\x00\x00\x01\x00\x00\x80\x00\x00\x00\x01\x04\x00\x00\x00\x04\x00\x00@\x00\x00\x00\x01\t\x00\x00\x00\x01\x00\x00@\x00\x00\x00\x01\t\x00\x00\x00\x01\x00\x00\x80\x00\x00\x00\x01\x04\x00\x00\x00\x03\x00\x00\x80\x00\x00\x00\x01\x00\x00\x00\x00\x00\x00\x00\x00\x00\x00\x00\x00\x01\x04\x00\x00\x01\x00\x00\x80\x00\x00\x00\x01\x00\x00\x00\x00\x00\x00\x00\x00\x00\x00\x00\x00\x00\x00\x00\x00\x00\x00\x00\x00\x00\x00\x00\x00\x00\x00\x00\x00\x01\x00\x00@\x00\x00\x00\x01\x00\x00\x00\x00\x01\x00\x00@\x00\x00\x00\x00        \x00\x00\x00\x00\x00\x00\x00\x00\x00\x00\x00\x00\x00\x00\x00\x00\x01\x00\xff\x00\x00\x00\x00\x00\x00\x00\x00\x00\x00\x00\x00\x00\x00\x00\x00\x00\x00\x00\x00\x00\xe4\x04\x00\x00\x00\x00\x00\x00\x00\x00\x00\x00\x00\x00\x00\x00\x00\x00\x00\x00\x00\x7f',
    60024: lambda target, proto: b'\x01\xc2\x00\x00\x00\x04\x00\x00\xb6\x01\x00\x00SQLDB2RA\x00\x01\x00\x00\x04\x01\x01\x00\x05\x00\x1d\x00\x88\x00\x00\x00\x01\x00\x00\x80\x00\x00\x00\x01\t\x00\x00\x00\x01\x00\x00@\x00\x00\x00\x01\t\x00\x00\x00\x01\x00\x00@\x00\x00\x00\x01\x08\x00\x00\x00\x04\x00\x00@\x00\x00\x00\x01\x04\x00\x00\x00\x01\x00\x00@\x00\x00\x00@\x04\x00\x00\x00\x04\x00\x00@\x00\x00\x00\x01\x04\x00\x00\x00\x04\x00\x00@\x00\x00\x00\x01\x04\x00\x00\x00\x04\x00\x00@\x00\x00\x00\x01\x04\x00\x00\x00\x02\x00\x00@\x00\x00\x00\x01\x04\x00\x00\x00\x04\x00\x00@\x00\x00\x00\x01\x00\x00\x00\x00\x01\x00\x00@\x00\x00\x00\x00\x04\x00\x00\x00\x04\x00\x00\x80\x00\x00\x00\x01\x04\x00\x00\x00\x04\x00\x00\x80\x00\x00\x00\x01\x04\x00\x00\x00\x03\x00\x00\x80\x00\x00\x00\x01\x04\x00\x00\x00\x04\x00\x00\x80\x00\x00\x00\x01\x08\x00\x00\x00\x01\x00\x00@\x00\x00\x00\x01\x04\x00\x00\x00\x04\x00\x00@\x00\x00\x00\x01\x10\x00\x00\x00\x01\x00\x00\x80\x00\x00\x00\x01\x10\x00\x00\x00\x01\x00\x00\x80\x00\x00\x00\x01\x04\x00\x00\x00\x04\x00\x00@\x00\x00\x00\x01\t\x00\x00\x00\x01\x00\x00@\x00\x00\x00\x01\t\x00\x00\x00\x01\x00\x00\x80\x00\x00\x00\x01\x04\x00\x00\x00\x03\x00\x00\x80\x00\x00\x00\x01\x00\x00\x00\x00\x00\x00\x00\x00\x00\x00\x00\x00\x01\x04\x00\x00\x01\x00\x00\x80\x00\x00\x00\x01\x00\x00\x00\x00\x00\x00\x00\x00\x00\x00\x00\x00\x00\x00\x00\x00\x00\x00\x00\x00\x00\x00\x00\x00\x00\x00\x00\x00\x01\x00\x00@\x00\x00\x00\x01\x00\x00\x00\x00\x01\x00\x00@\x00\x00\x00\x00        \x00\x00\x00\x00\x00\x00\x00\x00\x00\x00\x00\x00\x00\x00\x00\x00\x01\x00\xff\x00\x00\x00\x00\x00\x00\x00\x00\x00\x00\x00\x00\x00\x00\x00\x00\x00\x00\x00\x00\x00\xe4\x04\x00\x00\x00\x00\x00\x00\x00\x00\x00\x00\x00\x00\x00\x00\x00\x00\x00\x00\x00\x7f',
    60025: lambda target, proto: b'\x01\xc2\x00\x00\x00\x04\x00\x00\xb6\x01\x00\x00SQLDB2RA\x00\x01\x00\x00\x04\x01\x01\x00\x05\x00\x1d\x00\x88\x00\x00\x00\x01\x00\x00\x80\x00\x00\x00\x01\t\x00\x00\x00\x01\x00\x00@\x00\x00\x00\x01\t\x00\x00\x00\x01\x00\x00@\x00\x00\x00\x01\x08\x00\x00\x00\x04\x00\x00@\x00\x00\x00\x01\x04\x00\x00\x00\x01\x00\x00@\x00\x00\x00@\x04\x00\x00\x00\x04\x00\x00@\x00\x00\x00\x01\x04\x00\x00\x00\x04\x00\x00@\x00\x00\x00\x01\x04\x00\x00\x00\x04\x00\x00@\x00\x00\x00\x01\x04\x00\x00\x00\x02\x00\x00@\x00\x00\x00\x01\x04\x00\x00\x00\x04\x00\x00@\x00\x00\x00\x01\x00\x00\x00\x00\x01\x00\x00@\x00\x00\x00\x00\x04\x00\x00\x00\x04\x00\x00\x80\x00\x00\x00\x01\x04\x00\x00\x00\x04\x00\x00\x80\x00\x00\x00\x01\x04\x00\x00\x00\x03\x00\x00\x80\x00\x00\x00\x01\x04\x00\x00\x00\x04\x00\x00\x80\x00\x00\x00\x01\x08\x00\x00\x00\x01\x00\x00@\x00\x00\x00\x01\x04\x00\x00\x00\x04\x00\x00@\x00\x00\x00\x01\x10\x00\x00\x00\x01\x00\x00\x80\x00\x00\x00\x01\x10\x00\x00\x00\x01\x00\x00\x80\x00\x00\x00\x01\x04\x00\x00\x00\x04\x00\x00@\x00\x00\x00\x01\t\x00\x00\x00\x01\x00\x00@\x00\x00\x00\x01\t\x00\x00\x00\x01\x00\x00\x80\x00\x00\x00\x01\x04\x00\x00\x00\x03\x00\x00\x80\x00\x00\x00\x01\x00\x00\x00\x00\x00\x00\x00\x00\x00\x00\x00\x00\x01\x04\x00\x00\x01\x00\x00\x80\x00\x00\x00\x01\x00\x00\x00\x00\x00\x00\x00\x00\x00\x00\x00\x00\x00\x00\x00\x00\x00\x00\x00\x00\x00\x00\x00\x00\x00\x00\x00\x00\x01\x00\x00@\x00\x00\x00\x01\x00\x00\x00\x00\x01\x00\x00@\x00\x00\x00\x00        \x00\x00\x00\x00\x00\x00\x00\x00\x00\x00\x00\x00\x00\x00\x00\x00\x01\x00\xff\x00\x00\x00\x00\x00\x00\x00\x00\x00\x00\x00\x00\x00\x00\x00\x00\x00\x00\x00\x00\x00\xe4\x04\x00\x00\x00\x00\x00\x00\x00\x00\x00\x00\x00\x00\x00\x00\x00\x00\x00\x00\x00\x7f',
    60443: lambda target, proto: b'\x16\x03\x00\x00S\x01\x00\x00O\x03\x00?G\xd7\xf7\xba,\xee\xea\xb2`~\xf3\x00\xfd\x82{\xb9\xd5\x96\xc8w\x9b\xe6\xc4\xdb<=\xdbo\xef\x10n\x00\x00(\x00\x16\x00\x13\x00\n\x00f\x00\x05\x00\x04\x00e\x00d\x00c\x00b\x00a\x00`\x00\x15\x00\x12\x00\t\x00\x14\x00\x11\x00\x08\x00\x06\x00\x03\x01\x00',
    61613: lambda target, proto: b'HELP\n\n\x00',
    64738: lambda target, proto: b'\x00\x00\x00\x00abcdefgh',
}


def get_probe(port, target, protocol="tcp"):
    if port in PROBES:
        return PROBES[port](target, protocol)
    return b"PING\r\n"